-- MySQL dump 10.13  Distrib 5.5.32, for debian-linux-gnu (i686)
--
-- Host: localhost    Database: poolie
-- ------------------------------------------------------
-- Server version	5.5.32-0ubuntu0.13.04.1

/*!40101 SET @OLD_CHARACTER_SET_CLIENT=@@CHARACTER_SET_CLIENT */;
/*!40101 SET @OLD_CHARACTER_SET_RESULTS=@@CHARACTER_SET_RESULTS */;
/*!40101 SET @OLD_COLLATION_CONNECTION=@@COLLATION_CONNECTION */;
/*!40101 SET NAMES utf8 */;
/*!40103 SET @OLD_TIME_ZONE=@@TIME_ZONE */;
/*!40103 SET TIME_ZONE='+00:00' */;
/*!40014 SET @OLD_UNIQUE_CHECKS=@@UNIQUE_CHECKS, UNIQUE_CHECKS=0 */;
/*!40014 SET @OLD_FOREIGN_KEY_CHECKS=@@FOREIGN_KEY_CHECKS, FOREIGN_KEY_CHECKS=0 */;
/*!40101 SET @OLD_SQL_MODE=@@SQL_MODE, SQL_MODE='NO_AUTO_VALUE_ON_ZERO' */;
/*!40111 SET @OLD_SQL_NOTES=@@SQL_NOTES, SQL_NOTES=0 */;

--
-- Table structure for table `auth_group`
--

DROP TABLE IF EXISTS `auth_group`;
/*!40101 SET @saved_cs_client     = @@character_set_client */;
/*!40101 SET character_set_client = utf8 */;
CREATE TABLE `auth_group` (
  `id` int(11) NOT NULL AUTO_INCREMENT,
  `name` varchar(80) NOT NULL,
  PRIMARY KEY (`id`),
  UNIQUE KEY `name` (`name`)
) ENGINE=InnoDB DEFAULT CHARSET=latin1;
/*!40101 SET character_set_client = @saved_cs_client */;

--
-- Dumping data for table `auth_group`
--

LOCK TABLES `auth_group` WRITE;
/*!40000 ALTER TABLE `auth_group` DISABLE KEYS */;
/*!40000 ALTER TABLE `auth_group` ENABLE KEYS */;
UNLOCK TABLES;

--
-- Table structure for table `auth_group_permissions`
--

DROP TABLE IF EXISTS `auth_group_permissions`;
/*!40101 SET @saved_cs_client     = @@character_set_client */;
/*!40101 SET character_set_client = utf8 */;
CREATE TABLE `auth_group_permissions` (
  `id` int(11) NOT NULL AUTO_INCREMENT,
  `group_id` int(11) NOT NULL,
  `permission_id` int(11) NOT NULL,
  PRIMARY KEY (`id`),
  UNIQUE KEY `group_id` (`group_id`,`permission_id`),
  KEY `auth_group_permissions_5f412f9a` (`group_id`),
  KEY `auth_group_permissions_83d7f98b` (`permission_id`),
  CONSTRAINT `group_id_refs_id_f4b32aac` FOREIGN KEY (`group_id`) REFERENCES `auth_group` (`id`),
  CONSTRAINT `permission_id_refs_id_6ba0f519` FOREIGN KEY (`permission_id`) REFERENCES `auth_permission` (`id`)
) ENGINE=InnoDB DEFAULT CHARSET=latin1;
/*!40101 SET character_set_client = @saved_cs_client */;

--
-- Dumping data for table `auth_group_permissions`
--

LOCK TABLES `auth_group_permissions` WRITE;
/*!40000 ALTER TABLE `auth_group_permissions` DISABLE KEYS */;
/*!40000 ALTER TABLE `auth_group_permissions` ENABLE KEYS */;
UNLOCK TABLES;

--
-- Table structure for table `auth_permission`
--

DROP TABLE IF EXISTS `auth_permission`;
/*!40101 SET @saved_cs_client     = @@character_set_client */;
/*!40101 SET character_set_client = utf8 */;
CREATE TABLE `auth_permission` (
  `id` int(11) NOT NULL AUTO_INCREMENT,
  `name` varchar(50) NOT NULL,
  `content_type_id` int(11) NOT NULL,
  `codename` varchar(100) NOT NULL,
  PRIMARY KEY (`id`),
  UNIQUE KEY `content_type_id` (`content_type_id`,`codename`),
  KEY `auth_permission_37ef4eb4` (`content_type_id`),
  CONSTRAINT `content_type_id_refs_id_d043b34a` FOREIGN KEY (`content_type_id`) REFERENCES `django_content_type` (`id`)
) ENGINE=InnoDB AUTO_INCREMENT=43 DEFAULT CHARSET=latin1;
/*!40101 SET character_set_client = @saved_cs_client */;

--
-- Dumping data for table `auth_permission`
--

LOCK TABLES `auth_permission` WRITE;
/*!40000 ALTER TABLE `auth_permission` DISABLE KEYS */;
INSERT INTO `auth_permission` VALUES (1,'Can add permission',1,'add_permission'),(2,'Can change permission',1,'change_permission'),(3,'Can delete permission',1,'delete_permission'),(4,'Can add group',2,'add_group'),(5,'Can change group',2,'change_group'),(6,'Can delete group',2,'delete_group'),(7,'Can add user',3,'add_user'),(8,'Can change user',3,'change_user'),(9,'Can delete user',3,'delete_user'),(10,'Can add content type',4,'add_contenttype'),(11,'Can change content type',4,'change_contenttype'),(12,'Can delete content type',4,'delete_contenttype'),(13,'Can add session',5,'add_session'),(14,'Can change session',5,'change_session'),(15,'Can delete session',5,'delete_session'),(16,'Can add site',6,'add_site'),(17,'Can change site',6,'change_site'),(18,'Can delete site',6,'delete_site'),(19,'Can add log entry',7,'add_logentry'),(20,'Can change log entry',7,'change_logentry'),(21,'Can delete log entry',7,'delete_logentry'),(22,'Can add league',8,'add_league'),(23,'Can change league',8,'change_league'),(24,'Can delete league',8,'delete_league'),(25,'Can add conference',9,'add_conference'),(26,'Can change conference',9,'change_conference'),(27,'Can delete conference',9,'delete_conference'),(28,'Can add division',10,'add_division'),(29,'Can change division',10,'change_division'),(30,'Can delete division',10,'delete_division'),(31,'Can add team',11,'add_team'),(32,'Can change team',11,'change_team'),(33,'Can delete team',11,'delete_team'),(34,'Can add matchup',12,'add_matchup'),(35,'Can change matchup',12,'change_matchup'),(36,'Can delete matchup',12,'delete_matchup'),(40,'Can add pick',14,'add_pick'),(41,'Can change pick',14,'change_pick'),(42,'Can delete pick',14,'delete_pick');
/*!40000 ALTER TABLE `auth_permission` ENABLE KEYS */;
UNLOCK TABLES;

--
-- Table structure for table `auth_user`
--

DROP TABLE IF EXISTS `auth_user`;
/*!40101 SET @saved_cs_client     = @@character_set_client */;
/*!40101 SET character_set_client = utf8 */;
CREATE TABLE `auth_user` (
  `id` int(11) NOT NULL AUTO_INCREMENT,
  `password` varchar(128) NOT NULL,
  `last_login` datetime NOT NULL,
  `is_superuser` tinyint(1) NOT NULL,
  `username` varchar(30) NOT NULL,
  `first_name` varchar(30) NOT NULL,
  `last_name` varchar(30) NOT NULL,
  `email` varchar(75) NOT NULL,
  `is_staff` tinyint(1) NOT NULL,
  `is_active` tinyint(1) NOT NULL,
  `date_joined` datetime NOT NULL,
  PRIMARY KEY (`id`),
  UNIQUE KEY `username` (`username`)
) ENGINE=InnoDB AUTO_INCREMENT=3 DEFAULT CHARSET=latin1;
/*!40101 SET character_set_client = @saved_cs_client */;

--
-- Dumping data for table `auth_user`
--

LOCK TABLES `auth_user` WRITE;
/*!40000 ALTER TABLE `auth_user` DISABLE KEYS */;
INSERT INTO `auth_user` VALUES (1,'pbkdf2_sha256$10000$NTCbcEw5rsGW$/6+TtLs5p6HNQn8eUqypJ2fkua4oNR7ozMwDqiXE1fA=','2013-08-22 02:58:40',1,'tyip','','','',1,1,'2013-08-03 21:24:01'),(2,'pbkdf2_sha256$10000$JozgHrJjmvVj$pHkWNnkkzvCIcbWjmMg2kcUnlX1NAlGcJPKQiFaGhao=','2013-08-22 02:58:08',0,'mjoneson','','','',0,1,'2013-08-22 02:57:44');
/*!40000 ALTER TABLE `auth_user` ENABLE KEYS */;
UNLOCK TABLES;

--
-- Table structure for table `auth_user_groups`
--

DROP TABLE IF EXISTS `auth_user_groups`;
/*!40101 SET @saved_cs_client     = @@character_set_client */;
/*!40101 SET character_set_client = utf8 */;
CREATE TABLE `auth_user_groups` (
  `id` int(11) NOT NULL AUTO_INCREMENT,
  `user_id` int(11) NOT NULL,
  `group_id` int(11) NOT NULL,
  PRIMARY KEY (`id`),
  UNIQUE KEY `user_id` (`user_id`,`group_id`),
  KEY `auth_user_groups_6340c63c` (`user_id`),
  KEY `auth_user_groups_5f412f9a` (`group_id`),
  CONSTRAINT `group_id_refs_id_274b862c` FOREIGN KEY (`group_id`) REFERENCES `auth_group` (`id`),
  CONSTRAINT `user_id_refs_id_40c41112` FOREIGN KEY (`user_id`) REFERENCES `auth_user` (`id`)
) ENGINE=InnoDB DEFAULT CHARSET=latin1;
/*!40101 SET character_set_client = @saved_cs_client */;

--
-- Dumping data for table `auth_user_groups`
--

LOCK TABLES `auth_user_groups` WRITE;
/*!40000 ALTER TABLE `auth_user_groups` DISABLE KEYS */;
/*!40000 ALTER TABLE `auth_user_groups` ENABLE KEYS */;
UNLOCK TABLES;

--
-- Table structure for table `auth_user_user_permissions`
--

DROP TABLE IF EXISTS `auth_user_user_permissions`;
/*!40101 SET @saved_cs_client     = @@character_set_client */;
/*!40101 SET character_set_client = utf8 */;
CREATE TABLE `auth_user_user_permissions` (
  `id` int(11) NOT NULL AUTO_INCREMENT,
  `user_id` int(11) NOT NULL,
  `permission_id` int(11) NOT NULL,
  PRIMARY KEY (`id`),
  UNIQUE KEY `user_id` (`user_id`,`permission_id`),
  KEY `auth_user_user_permissions_6340c63c` (`user_id`),
  KEY `auth_user_user_permissions_83d7f98b` (`permission_id`),
  CONSTRAINT `permission_id_refs_id_35d9ac25` FOREIGN KEY (`permission_id`) REFERENCES `auth_permission` (`id`),
  CONSTRAINT `user_id_refs_id_4dc23c39` FOREIGN KEY (`user_id`) REFERENCES `auth_user` (`id`)
) ENGINE=InnoDB DEFAULT CHARSET=latin1;
/*!40101 SET character_set_client = @saved_cs_client */;

--
-- Dumping data for table `auth_user_user_permissions`
--

LOCK TABLES `auth_user_user_permissions` WRITE;
/*!40000 ALTER TABLE `auth_user_user_permissions` DISABLE KEYS */;
/*!40000 ALTER TABLE `auth_user_user_permissions` ENABLE KEYS */;
UNLOCK TABLES;

--
-- Table structure for table `django_admin_log`
--

DROP TABLE IF EXISTS `django_admin_log`;
/*!40101 SET @saved_cs_client     = @@character_set_client */;
/*!40101 SET character_set_client = utf8 */;
CREATE TABLE `django_admin_log` (
  `id` int(11) NOT NULL AUTO_INCREMENT,
  `action_time` datetime NOT NULL,
  `user_id` int(11) NOT NULL,
  `content_type_id` int(11) DEFAULT NULL,
  `object_id` longtext,
  `object_repr` varchar(200) NOT NULL,
  `action_flag` smallint(5) unsigned NOT NULL,
  `change_message` longtext NOT NULL,
  PRIMARY KEY (`id`),
  KEY `django_admin_log_6340c63c` (`user_id`),
  KEY `django_admin_log_37ef4eb4` (`content_type_id`),
  CONSTRAINT `content_type_id_refs_id_93d2d1f8` FOREIGN KEY (`content_type_id`) REFERENCES `django_content_type` (`id`),
  CONSTRAINT `user_id_refs_id_c0d12874` FOREIGN KEY (`user_id`) REFERENCES `auth_user` (`id`)
) ENGINE=InnoDB AUTO_INCREMENT=1377 DEFAULT CHARSET=latin1;
/*!40101 SET character_set_client = @saved_cs_client */;

--
-- Dumping data for table `django_admin_log`
--

LOCK TABLES `django_admin_log` WRITE;
/*!40000 ALTER TABLE `django_admin_log` DISABLE KEYS */;
INSERT INTO `django_admin_log` VALUES (1,'2013-08-08 02:17:54',1,8,'1','National Football League',3,''),(2,'2013-08-09 04:36:50',1,12,'1','Matchup object',1,''),(3,'2013-08-09 05:00:31',1,12,'1','Matchup object',1,''),(4,'2013-08-14 04:48:34',1,12,'2','2013-08-22 00:00:00-05:00 - Minnesota Vikings at New Orleans Saints',1,''),(5,'2013-08-15 05:59:55',1,14,'8','Pick object',3,''),(6,'2013-08-15 05:59:55',1,14,'7','Pick object',3,''),(7,'2013-08-15 05:59:55',1,14,'6','Pick object',3,''),(8,'2013-08-15 05:59:55',1,14,'5','Pick object',3,''),(9,'2013-08-15 05:59:55',1,14,'4','Pick object',3,''),(10,'2013-08-15 05:59:55',1,14,'3','Pick object',3,''),(11,'2013-08-15 05:59:55',1,14,'2','Pick object',3,''),(12,'2013-08-15 05:59:55',1,14,'1','Pick object',3,''),(13,'2013-08-15 06:00:33',1,14,'10','Pick object',3,''),(14,'2013-08-15 06:00:33',1,14,'9','Pick object',3,''),(15,'2013-08-18 18:07:49',1,12,'1','2013-09-09 12:07:47-05:00 - Philadelphia Eagles at New Orleans Saints',1,''),(16,'2013-08-18 18:08:03',1,12,'2','2013-09-10 12:08:02-05:00 - New Orleans Saints at Green Bay Packers',1,''),(17,'2013-08-18 20:20:32',1,12,'1','2013-09-09 12:07:47-05:00 - Green Bay Packers at New Orleans Saints',2,'Changed away_team.'),(18,'2013-08-18 20:20:50',1,12,'1','2013-09-09 12:07:47-05:00 - Buffalo Bills at Seattle Seahawks',2,'Changed home_team and away_team.'),(19,'2013-08-19 00:10:02',1,11,'32','Houston Texans',2,'Changed image_location.'),(20,'2013-08-19 00:11:44',1,12,'1','2013-09-10 18:11:43-05:00 - Green Bay Packers at Washington Redskins',1,''),(21,'2013-08-19 00:17:55',1,11,'11','Green Bay Packers',2,'Changed image_location.'),(22,'2013-08-19 00:18:06',1,11,'4','Washington Redskins',2,'Changed image_location.'),(23,'2013-08-19 04:29:53',1,11,'32','Houston Texans',2,'Changed image_location.'),(24,'2013-08-19 04:30:05',1,11,'31','Jacksonville Jaguars',2,'Changed image_location.'),(25,'2013-08-19 04:30:10',1,11,'32','Houston Texans',2,'Changed image_location.'),(26,'2013-08-19 04:30:18',1,11,'30','Indianapolis Colts',2,'Changed image_location.'),(27,'2013-08-19 04:31:03',1,11,'11','Green Bay Packers',2,'Changed image_location.'),(28,'2013-08-19 04:31:15',1,11,'4','Washington Redskins',2,'Changed image_location.'),(29,'2013-08-19 04:31:34',1,11,'11','Green Bay Packers',2,'Changed image_location.'),(30,'2013-08-20 05:16:20',1,12,'257','2013-12-29 22:25:00+00:00 - Denver Broncos at Oakland Raiders',3,''),(31,'2013-08-20 05:16:20',1,12,'256','2013-12-29 22:25:00+00:00 - St. Louis Rams at Seattle Seahawks',3,''),(32,'2013-08-20 05:16:20',1,12,'255','2013-12-29 22:25:00+00:00 - Kansas City Chiefs at San Diego Chargers',3,''),(33,'2013-08-20 05:16:20',1,12,'254','2013-12-29 22:25:00+00:00 - San Francisco 49ers at Arizona Cardinals',3,''),(34,'2013-08-20 05:16:20',1,12,'253','2013-12-29 19:00:00+00:00 - Washington Redskins at New York Giants',3,''),(35,'2013-08-20 05:16:20',1,12,'252','2013-12-29 19:00:00+00:00 - Tampa Bay Buccaneers at New Orleans Saints',3,''),(36,'2013-08-20 05:16:20',1,12,'251','2013-12-29 19:00:00+00:00 - Buffalo Bills at New England Patriots',3,''),(37,'2013-08-20 05:16:20',1,12,'250','2013-12-29 19:00:00+00:00 - Detroit Lions at Minnesota Vikings',3,''),(38,'2013-08-20 05:16:20',1,12,'249','2013-12-29 19:00:00+00:00 - New York Jets at Miami Dolphins',3,''),(39,'2013-08-20 05:16:20',1,12,'248','2013-12-29 19:00:00+00:00 - Cleveland Browns at Pittsburgh Steelers',3,''),(40,'2013-08-20 05:16:20',1,12,'247','2013-12-29 19:00:00+00:00 - Jacksonville Jaguars at Indianapolis Colts',3,''),(41,'2013-08-20 05:16:20',1,12,'246','2013-12-29 19:00:00+00:00 - Houston Texans at Tennessee Titans',3,''),(42,'2013-08-20 05:16:20',1,12,'245','2013-12-29 19:00:00+00:00 - Philadelphia Eagles at Dallas Cowboys',3,''),(43,'2013-08-20 05:16:20',1,12,'244','2013-12-29 19:00:00+00:00 - Baltimore Ravens at Cincinnati Bengals',3,''),(44,'2013-08-20 05:16:20',1,12,'243','2013-12-29 19:00:00+00:00 - Green Bay Packers at Chicago Bears',3,''),(45,'2013-08-20 05:16:20',1,12,'242','2013-12-29 19:00:00+00:00 - Carolina Panthers at Atlanta Falcons',3,''),(46,'2013-08-20 05:16:20',1,12,'241','2013-12-24 02:30:00+00:00 - Atlanta Falcons at San Francisco 49ers',3,''),(47,'2013-08-20 05:16:20',1,12,'240','2013-12-23 02:30:00+00:00 - New England Patriots at Baltimore Ravens',3,''),(48,'2013-08-20 05:16:20',1,12,'239','2013-12-22 22:25:00+00:00 - Oakland Raiders at San Diego Chargers',3,''),(49,'2013-08-20 05:16:20',1,12,'238','2013-12-22 22:25:00+00:00 - Pittsburgh Steelers at Green Bay Packers',3,''),(50,'2013-08-20 05:16:20',1,12,'237','2013-12-22 22:05:00+00:00 - New York Giants at Detroit Lions',3,''),(51,'2013-08-20 05:16:20',1,12,'236','2013-12-22 22:05:00+00:00 - Arizona Cardinals at Seattle Seahawks',3,''),(52,'2013-08-20 05:16:20',1,12,'235','2013-12-22 19:00:00+00:00 - Denver Broncos at Houston Texans',3,''),(53,'2013-08-20 05:16:20',1,12,'234','2013-12-22 19:00:00+00:00 - Tennessee Titans at Jacksonville Jaguars',3,''),(54,'2013-08-20 05:16:20',1,12,'233','2013-12-22 19:00:00+00:00 - New Orleans Saints at Carolina Panthers',3,''),(55,'2013-08-20 05:16:20',1,12,'232','2013-12-22 19:00:00+00:00 - Dallas Cowboys at Washington Redskins',3,''),(56,'2013-08-20 05:16:20',1,12,'231','2013-12-22 19:00:00+00:00 - Chicago Bears at Philadelphia Eagles',3,''),(57,'2013-08-20 05:16:20',1,12,'230','2013-12-22 19:00:00+00:00 - Cleveland Browns at New York Jets',3,''),(58,'2013-08-20 05:16:20',1,12,'229','2013-12-22 19:00:00+00:00 - Tampa Bay Buccaneers at St. Louis Rams',3,''),(59,'2013-08-20 05:16:20',1,12,'228','2013-12-22 19:00:00+00:00 - Indianapolis Colts at Kansas City Chiefs',3,''),(60,'2013-08-20 05:16:20',1,12,'227','2013-12-22 19:00:00+00:00 - Minnesota Vikings at Cincinnati Bengals',3,''),(61,'2013-08-20 05:16:20',1,12,'226','2013-12-22 19:00:00+00:00 - Miami Dolphins at Buffalo Bills',3,''),(62,'2013-08-20 05:16:20',1,12,'225','2013-12-17 02:30:00+00:00 - Baltimore Ravens at Detroit Lions',3,''),(63,'2013-08-20 05:16:20',1,12,'224','2013-12-16 02:30:00+00:00 - Cincinnati Bengals at Pittsburgh Steelers',3,''),(64,'2013-08-20 05:16:20',1,12,'223','2013-12-15 22:25:00+00:00 - Green Bay Packers at Dallas Cowboys',3,''),(65,'2013-08-20 05:16:20',1,12,'222','2013-12-15 22:05:00+00:00 - Kansas City Chiefs at Oakland Raiders',3,''),(66,'2013-08-20 05:16:20',1,12,'221','2013-12-15 22:05:00+00:00 - New York Jets at Carolina Panthers',3,''),(67,'2013-08-20 05:16:20',1,12,'220','2013-12-15 19:00:00+00:00 - San Francisco 49ers at Tampa Bay Buccaneers',3,''),(68,'2013-08-20 05:16:20',1,12,'219','2013-12-15 19:00:00+00:00 - Buffalo Bills at Jacksonville Jaguars',3,''),(69,'2013-08-20 05:16:20',1,12,'218','2013-12-15 19:00:00+00:00 - Seattle Seahawks at New York Giants',3,''),(70,'2013-08-20 05:16:20',1,12,'217','2013-12-15 19:00:00+00:00 - Philadelphia Eagles at Minnesota Vikings',3,''),(71,'2013-08-20 05:16:20',1,12,'216','2013-12-15 19:00:00+00:00 - New England Patriots at Miami Dolphins',3,''),(72,'2013-08-20 05:16:20',1,12,'215','2013-12-15 19:00:00+00:00 - New Orleans Saints at St. Louis Rams',3,''),(73,'2013-08-20 05:16:20',1,12,'214','2013-12-15 19:00:00+00:00 - Houston Texans at Indianapolis Colts',3,''),(74,'2013-08-20 05:16:20',1,12,'213','2013-12-15 19:00:00+00:00 - Arizona Cardinals at Tennessee Titans',3,''),(75,'2013-08-20 05:16:20',1,12,'212','2013-12-15 19:00:00+00:00 - Chicago Bears at Cleveland Browns',3,''),(76,'2013-08-20 05:16:20',1,12,'211','2013-12-15 19:00:00+00:00 - Washington Redskins at Atlanta Falcons',3,''),(77,'2013-08-20 05:16:20',1,12,'210','2013-12-13 02:25:00+00:00 - San Diego Chargers at Denver Broncos',3,''),(78,'2013-08-20 05:16:20',1,12,'209','2013-12-10 02:30:00+00:00 - Dallas Cowboys at Chicago Bears',3,''),(79,'2013-08-20 05:16:20',1,12,'208','2013-12-09 02:30:00+00:00 - Atlanta Falcons at Green Bay Packers',3,''),(80,'2013-08-20 05:16:20',1,12,'207','2013-12-08 22:25:00+00:00 - St. Louis Rams at Arizona Cardinals',3,''),(81,'2013-08-20 05:16:20',1,12,'206','2013-12-08 22:25:00+00:00 - Seattle Seahawks at San Francisco 49ers',3,''),(82,'2013-08-20 05:16:20',1,12,'205','2013-12-08 22:25:00+00:00 - New York Giants at San Diego Chargers',3,''),(83,'2013-08-20 05:16:20',1,12,'204','2013-12-08 22:05:00+00:00 - Tennessee Titans at Denver Broncos',3,''),(84,'2013-08-20 05:16:20',1,12,'203','2013-12-08 19:00:00+00:00 - Miami Dolphins at Pittsburgh Steelers',3,''),(85,'2013-08-20 05:16:20',1,12,'202','2013-12-08 19:00:00+00:00 - Detroit Lions at Philadelphia Eagles',3,''),(86,'2013-08-20 05:16:20',1,12,'201','2013-12-08 19:00:00+00:00 - Oakland Raiders at New York Jets',3,''),(87,'2013-08-20 05:16:20',1,12,'200','2013-12-08 19:00:00+00:00 - Carolina Panthers at New Orleans Saints',3,''),(88,'2013-08-20 05:16:20',1,12,'199','2013-12-08 19:00:00+00:00 - Cleveland Browns at New England Patriots',3,''),(89,'2013-08-20 05:16:20',1,12,'198','2013-12-08 19:00:00+00:00 - Minnesota Vikings at Baltimore Ravens',3,''),(90,'2013-08-20 05:16:20',1,12,'197','2013-12-08 19:00:00+00:00 - Kansas City Chiefs at Washington Redskins',3,''),(91,'2013-08-20 05:16:20',1,12,'196','2013-12-08 19:00:00+00:00 - Buffalo Bills at Tampa Bay Buccaneers',3,''),(92,'2013-08-20 05:16:20',1,12,'195','2013-12-08 19:00:00+00:00 - Indianapolis Colts at Cincinnati Bengals',3,''),(93,'2013-08-20 05:16:20',1,12,'194','2013-12-06 02:25:00+00:00 - Houston Texans at Jacksonville Jaguars',3,''),(94,'2013-08-20 05:16:20',1,12,'193','2013-12-03 02:30:00+00:00 - New Orleans Saints at Seattle Seahawks',3,''),(95,'2013-08-20 05:16:20',1,12,'192','2013-12-02 02:30:00+00:00 - New York Giants at Washington Redskins',3,''),(96,'2013-08-20 05:16:20',1,12,'191','2013-12-01 22:25:00+00:00 - Cincinnati Bengals at San Diego Chargers',3,''),(97,'2013-08-20 05:16:20',1,12,'190','2013-12-01 22:25:00+00:00 - New England Patriots at Houston Texans',3,''),(98,'2013-08-20 05:16:20',1,12,'189','2013-12-01 22:05:00+00:00 - St. Louis Rams at San Francisco 49ers',3,''),(99,'2013-08-20 05:16:20',1,12,'188','2013-12-01 22:05:00+00:00 - Atlanta Falcons at Buffalo Bills',3,''),(100,'2013-08-20 05:16:20',1,12,'187','2013-12-01 19:00:00+00:00 - Arizona Cardinals at Philadelphia Eagles',3,''),(101,'2013-08-20 05:16:20',1,12,'186','2013-12-01 19:00:00+00:00 - Miami Dolphins at New York Jets',3,''),(102,'2013-08-20 05:16:20',1,12,'185','2013-12-01 19:00:00+00:00 - Chicago Bears at Minnesota Vikings',3,''),(103,'2013-08-20 05:16:20',1,12,'184','2013-12-01 19:00:00+00:00 - Denver Broncos at Kansas City Chiefs',3,''),(104,'2013-08-20 05:16:20',1,12,'183','2013-12-01 19:00:00+00:00 - Tennessee Titans at Indianapolis Colts',3,''),(105,'2013-08-20 05:16:20',1,12,'182','2013-12-01 19:00:00+00:00 - Jacksonville Jaguars at Cleveland Browns',3,''),(106,'2013-08-20 05:16:20',1,12,'181','2013-12-01 19:00:00+00:00 - Tampa Bay Buccaneers at Carolina Panthers',3,''),(107,'2013-08-20 05:16:20',1,12,'180','2013-11-29 02:30:00+00:00 - Pittsburgh Steelers at Baltimore Ravens',3,''),(108,'2013-08-20 05:16:20',1,12,'179','2013-11-28 22:30:00+00:00 - Oakland Raiders at Dallas Cowboys',3,''),(109,'2013-08-20 05:16:20',1,12,'178','2013-11-28 06:30:00+00:00 - Green Bay Packers at Detroit Lions',3,''),(110,'2013-08-20 05:16:20',1,12,'177','2013-11-26 02:30:00+00:00 - San Francisco 49ers at Washington Redskins',3,''),(111,'2013-08-20 05:16:20',1,12,'176','2013-11-25 02:30:00+00:00 - Denver Broncos at New England Patriots',3,''),(112,'2013-08-20 05:16:20',1,12,'175','2013-11-24 22:25:00+00:00 - Dallas Cowboys at New York Giants',3,''),(113,'2013-08-20 05:16:20',1,12,'174','2013-11-24 22:05:00+00:00 - Tennessee Titans at Oakland Raiders',3,''),(114,'2013-08-20 05:16:20',1,12,'173','2013-11-24 22:05:00+00:00 - Indianapolis Colts at Arizona Cardinals',3,''),(115,'2013-08-20 05:16:20',1,12,'172','2013-11-24 19:00:00+00:00 - Jacksonville Jaguars at Houston Texans',3,''),(116,'2013-08-20 05:16:20',1,12,'171','2013-11-24 19:00:00+00:00 - New York Jets at Baltimore Ravens',3,''),(117,'2013-08-20 05:16:20',1,12,'170','2013-11-24 19:00:00+00:00 - Carolina Panthers at Miami Dolphins',3,''),(118,'2013-08-20 05:16:20',1,12,'169','2013-11-24 19:00:00+00:00 - Chicago Bears at St. Louis Rams',3,''),(119,'2013-08-20 05:16:20',1,12,'168','2013-11-24 19:00:00+00:00 - San Diego Chargers at Kansas City Chiefs',3,''),(120,'2013-08-20 05:16:20',1,12,'167','2013-11-24 19:00:00+00:00 - Minnesota Vikings at Green Bay Packers',3,''),(121,'2013-08-20 05:16:20',1,12,'166','2013-11-24 19:00:00+00:00 - Tampa Bay Buccaneers at Detroit Lions',3,''),(122,'2013-08-20 05:16:20',1,12,'165','2013-11-24 19:00:00+00:00 - Pittsburgh Steelers at Cleveland Browns',3,''),(123,'2013-08-20 05:16:20',1,12,'164','2013-11-22 02:25:00+00:00 - New Orleans Saints at Atlanta Falcons',3,''),(124,'2013-08-20 05:16:20',1,12,'163','2013-11-19 02:30:00+00:00 - New England Patriots at Carolina Panthers',3,''),(125,'2013-08-20 05:16:20',1,12,'162','2013-11-18 02:30:00+00:00 - Green Bay Packers at New York Giants',3,''),(126,'2013-08-20 05:16:20',1,12,'161','2013-11-17 22:25:00+00:00 - San Francisco 49ers at New Orleans Saints',3,''),(127,'2013-08-20 05:16:20',1,12,'160','2013-11-17 22:25:00+00:00 - Minnesota Vikings at Seattle Seahawks',3,''),(128,'2013-08-20 05:16:20',1,12,'159','2013-11-17 22:05:00+00:00 - Kansas City Chiefs at Denver Broncos',3,''),(129,'2013-08-20 05:16:20',1,12,'158','2013-11-17 19:00:00+00:00 - Detroit Lions at Pittsburgh Steelers',3,''),(130,'2013-08-20 05:16:27',1,12,'157','2013-11-17 19:00:00+00:00 - Washington Redskins at Philadelphia Eagles',3,''),(131,'2013-08-20 05:16:27',1,12,'156','2013-11-17 19:00:00+00:00 - San Diego Chargers at Miami Dolphins',3,''),(132,'2013-08-20 05:16:27',1,12,'155','2013-11-17 19:00:00+00:00 - Oakland Raiders at Houston Texans',3,''),(133,'2013-08-20 05:16:27',1,12,'154','2013-11-17 19:00:00+00:00 - Arizona Cardinals at Jacksonville Jaguars',3,''),(134,'2013-08-20 05:16:27',1,12,'153','2013-11-17 19:00:00+00:00 - Atlanta Falcons at Tampa Bay Buccaneers',3,''),(135,'2013-08-20 05:16:27',1,12,'152','2013-11-17 19:00:00+00:00 - Cleveland Browns at Cincinnati Bengals',3,''),(136,'2013-08-20 05:16:27',1,12,'151','2013-11-17 19:00:00+00:00 - Baltimore Ravens at Chicago Bears',3,''),(137,'2013-08-20 05:16:27',1,12,'150','2013-11-17 19:00:00+00:00 - New York Jets at Buffalo Bills',3,''),(138,'2013-08-20 05:16:27',1,12,'149','2013-11-15 02:25:00+00:00 - Indianapolis Colts at Tennessee Titans',3,''),(139,'2013-08-20 05:16:27',1,12,'148','2013-11-12 02:30:00+00:00 - Miami Dolphins at Tampa Bay Buccaneers',3,''),(140,'2013-08-20 05:16:27',1,12,'147','2013-11-11 02:30:00+00:00 - Dallas Cowboys at New Orleans Saints',3,''),(141,'2013-08-20 05:16:27',1,12,'146','2013-11-10 22:25:00+00:00 - Houston Texans at Arizona Cardinals',3,''),(142,'2013-08-20 05:16:27',1,12,'145','2013-11-10 22:25:00+00:00 - Denver Broncos at San Diego Chargers',3,''),(143,'2013-08-20 05:16:27',1,12,'144','2013-11-10 22:05:00+00:00 - Carolina Panthers at San Francisco 49ers',3,''),(144,'2013-08-20 05:16:27',1,12,'143','2013-11-10 19:00:00+00:00 - Cincinnati Bengals at Baltimore Ravens',3,''),(145,'2013-08-20 05:16:27',1,12,'142','2013-11-10 19:00:00+00:00 - Buffalo Bills at Pittsburgh Steelers',3,''),(146,'2013-08-20 05:16:27',1,12,'141','2013-11-10 19:00:00+00:00 - Oakland Raiders at New York Giants',3,''),(147,'2013-08-20 05:16:27',1,12,'140','2013-11-10 19:00:00+00:00 - St. Louis Rams at Indianapolis Colts',3,''),(148,'2013-08-20 05:16:27',1,12,'139','2013-11-10 19:00:00+00:00 - Jacksonville Jaguars at Tennessee Titans',3,''),(149,'2013-08-20 05:16:27',1,12,'138','2013-11-10 19:00:00+00:00 - Philadelphia Eagles at Green Bay Packers',3,''),(150,'2013-08-20 05:16:27',1,12,'137','2013-11-10 19:00:00+00:00 - Detroit Lions at Chicago Bears',3,''),(151,'2013-08-20 05:16:27',1,12,'136','2013-11-10 19:00:00+00:00 - Seattle Seahawks at Atlanta Falcons',3,''),(152,'2013-08-20 05:16:27',1,12,'135','2013-11-08 02:25:00+00:00 - Washington Redskins at Minnesota Vikings',3,''),(153,'2013-08-20 05:16:27',1,12,'134','2013-11-05 02:30:00+00:00 - Chicago Bears at Green Bay Packers',3,''),(154,'2013-08-20 05:16:27',1,12,'133','2013-11-04 02:30:00+00:00 - Indianapolis Colts at Houston Texans',3,''),(155,'2013-08-20 05:16:27',1,12,'132','2013-11-03 22:25:00+00:00 - Baltimore Ravens at Cleveland Browns',3,''),(156,'2013-08-20 05:16:27',1,12,'131','2013-11-03 22:25:00+00:00 - Pittsburgh Steelers at New England Patriots',3,''),(157,'2013-08-20 05:16:27',1,12,'130','2013-11-03 22:05:00+00:00 - Philadelphia Eagles at Oakland Raiders',3,''),(158,'2013-08-20 05:16:27',1,12,'129','2013-11-03 22:05:00+00:00 - Tampa Bay Buccaneers at Seattle Seahawks',3,''),(159,'2013-08-20 05:16:27',1,12,'128','2013-11-03 19:00:00+00:00 - New Orleans Saints at New York Jets',3,''),(160,'2013-08-20 05:16:27',1,12,'127','2013-11-03 19:00:00+00:00 - Tennessee Titans at St. Louis Rams',3,''),(161,'2013-08-20 05:16:27',1,12,'126','2013-11-03 19:00:00+00:00 - Minnesota Vikings at Dallas Cowboys',3,''),(162,'2013-08-20 05:16:27',1,12,'125','2013-11-03 19:00:00+00:00 - Atlanta Falcons at Carolina Panthers',3,''),(163,'2013-08-20 05:16:27',1,12,'124','2013-11-03 19:00:00+00:00 - San Diego Chargers at Washington Redskins',3,''),(164,'2013-08-20 05:16:27',1,12,'123','2013-11-03 19:00:00+00:00 - Kansas City Chiefs at Buffalo Bills',3,''),(165,'2013-08-20 05:16:27',1,12,'122','2013-11-01 01:25:00+00:00 - Cincinnati Bengals at Miami Dolphins',3,''),(166,'2013-08-20 05:16:27',1,12,'121','2013-10-29 01:30:00+00:00 - Seattle Seahawks at St. Louis Rams',3,''),(167,'2013-08-20 05:16:27',1,12,'120','2013-10-28 01:30:00+00:00 - Green Bay Packers at Minnesota Vikings',3,''),(168,'2013-08-20 05:16:27',1,12,'119','2013-10-27 21:25:00+00:00 - Atlanta Falcons at Arizona Cardinals',3,''),(169,'2013-08-20 05:16:27',1,12,'118','2013-10-27 21:25:00+00:00 - Washington Redskins at Denver Broncos',3,''),(170,'2013-08-20 05:16:27',1,12,'117','2013-10-27 21:05:00+00:00 - New York Jets at Cincinnati Bengals',3,''),(171,'2013-08-20 05:16:27',1,12,'116','2013-10-27 21:05:00+00:00 - Pittsburgh Steelers at Oakland Raiders',3,''),(172,'2013-08-20 05:16:27',1,12,'115','2013-10-27 18:00:00+00:00 - San Francisco 49ers at Jacksonville Jaguars',3,''),(173,'2013-08-20 05:16:27',1,12,'114','2013-10-27 18:00:00+00:00 - New York Giants at Philadelphia Eagles',3,''),(174,'2013-08-20 05:16:27',1,12,'113','2013-10-27 18:00:00+00:00 - Buffalo Bills at New Orleans Saints',3,''),(175,'2013-08-20 05:16:27',1,12,'112','2013-10-27 18:00:00+00:00 - Miami Dolphins at New England Patriots',3,''),(176,'2013-08-20 05:16:27',1,12,'111','2013-10-27 18:00:00+00:00 - Cleveland Browns at Kansas City Chiefs',3,''),(177,'2013-08-20 05:16:27',1,12,'110','2013-10-27 18:00:00+00:00 - Dallas Cowboys at Detroit Lions',3,''),(178,'2013-08-20 05:16:27',1,12,'109','2013-10-25 01:25:00+00:00 - Carolina Panthers at Tampa Bay Buccaneers',3,''),(179,'2013-08-20 05:16:27',1,12,'108','2013-10-22 01:30:00+00:00 - Minnesota Vikings at New York Giants',3,''),(180,'2013-08-20 05:16:27',1,12,'107','2013-10-21 01:30:00+00:00 - Denver Broncos at Indianapolis Colts',3,''),(181,'2013-08-20 05:16:27',1,12,'106','2013-10-20 21:25:00+00:00 - Cleveland Browns at Green Bay Packers',3,''),(182,'2013-08-20 05:16:27',1,12,'105','2013-10-20 21:25:00+00:00 - Baltimore Ravens at Pittsburgh Steelers',3,''),(183,'2013-08-20 05:16:27',1,12,'104','2013-10-20 21:05:00+00:00 - San Francisco 49ers at Tennessee Titans',3,''),(184,'2013-08-20 05:16:27',1,12,'103','2013-10-20 18:00:00+00:00 - San Diego Chargers at Jacksonville Jaguars',3,''),(185,'2013-08-20 05:16:27',1,12,'102','2013-10-20 18:00:00+00:00 - St. Louis Rams at Carolina Panthers',3,''),(186,'2013-08-20 05:16:27',1,12,'101','2013-10-20 18:00:00+00:00 - Chicago Bears at Washington Redskins',3,''),(187,'2013-08-20 05:16:27',1,12,'100','2013-10-20 18:00:00+00:00 - Dallas Cowboys at Philadelphia Eagles',3,''),(188,'2013-08-20 05:16:27',1,12,'99','2013-10-20 18:00:00+00:00 - New England Patriots at New York Jets',3,''),(189,'2013-08-20 05:16:27',1,12,'98','2013-10-20 18:00:00+00:00 - Buffalo Bills at Miami Dolphins',3,''),(190,'2013-08-20 05:16:27',1,12,'97','2013-10-20 18:00:00+00:00 - Houston Texans at Kansas City Chiefs',3,''),(191,'2013-08-20 05:16:27',1,12,'96','2013-10-20 18:00:00+00:00 - Cincinnati Bengals at Detroit Lions',3,''),(192,'2013-08-20 05:16:27',1,12,'95','2013-10-20 18:00:00+00:00 - Tampa Bay Buccaneers at Atlanta Falcons',3,''),(193,'2013-08-20 05:16:27',1,12,'94','2013-10-18 01:25:00+00:00 - Seattle Seahawks at Arizona Cardinals',3,''),(194,'2013-08-20 05:16:27',1,12,'93','2013-10-15 01:30:00+00:00 - Indianapolis Colts at San Diego Chargers',3,''),(195,'2013-08-20 05:16:27',1,12,'92','2013-10-14 01:30:00+00:00 - Washington Redskins at Dallas Cowboys',3,''),(196,'2013-08-20 05:16:27',1,12,'91','2013-10-13 21:25:00+00:00 - Arizona Cardinals at San Francisco 49ers',3,''),(197,'2013-08-20 05:16:27',1,12,'90','2013-10-13 21:25:00+00:00 - New Orleans Saints at New England Patriots',3,''),(198,'2013-08-20 05:16:27',1,12,'89','2013-10-13 21:05:00+00:00 - Tennessee Titans at Seattle Seahawks',3,''),(199,'2013-08-20 05:16:27',1,12,'88','2013-10-13 21:05:00+00:00 - Jacksonville Jaguars at Denver Broncos',3,''),(200,'2013-08-20 05:16:27',1,12,'87','2013-10-13 18:00:00+00:00 - Pittsburgh Steelers at New York Jets',3,''),(201,'2013-08-20 05:16:27',1,12,'86','2013-10-13 18:00:00+00:00 - St. Louis Rams at Houston Texans',3,''),(202,'2013-08-20 05:16:27',1,12,'85','2013-10-13 18:00:00+00:00 - Green Bay Packers at Baltimore Ravens',3,''),(203,'2013-08-20 05:16:27',1,12,'84','2013-10-13 18:00:00+00:00 - Philadelphia Eagles at Tampa Bay Buccaneers',3,''),(204,'2013-08-20 05:16:27',1,12,'83','2013-10-13 18:00:00+00:00 - Carolina Panthers at Minnesota Vikings',3,''),(205,'2013-08-20 05:16:27',1,12,'82','2013-10-13 18:00:00+00:00 - Oakland Raiders at Kansas City Chiefs',3,''),(206,'2013-08-20 05:16:27',1,12,'81','2013-10-13 18:00:00+00:00 - Detroit Lions at Cleveland Browns',3,''),(207,'2013-08-20 05:16:27',1,12,'80','2013-10-13 18:00:00+00:00 - Cincinnati Bengals at Buffalo Bills',3,''),(208,'2013-08-20 05:16:27',1,12,'79','2013-10-11 01:25:00+00:00 - New York Giants at Chicago Bears',3,''),(209,'2013-08-20 05:16:27',1,12,'78','2013-10-08 01:30:00+00:00 - New York Jets at Atlanta Falcons',3,''),(210,'2013-08-20 05:16:27',1,12,'77','2013-10-07 01:30:00+00:00 - Houston Texans at San Francisco 49ers',3,''),(211,'2013-08-20 05:16:27',1,12,'76','2013-10-06 21:25:00+00:00 - San Diego Chargers at Oakland Raiders',3,''),(212,'2013-08-20 05:16:27',1,12,'75','2013-10-06 21:25:00+00:00 - Denver Broncos at Dallas Cowboys',3,''),(213,'2013-08-20 05:16:27',1,12,'74','2013-10-06 21:05:00+00:00 - Carolina Panthers at Arizona Cardinals',3,''),(214,'2013-08-20 05:16:27',1,12,'73','2013-10-06 18:00:00+00:00 - Seattle Seahawks at Indianapolis Colts',3,''),(215,'2013-08-20 05:16:27',1,12,'72','2013-10-06 18:00:00+00:00 - Kansas City Chiefs at Tennessee Titans',3,''),(216,'2013-08-20 05:16:27',1,12,'71','2013-10-06 18:00:00+00:00 - Detroit Lions at Green Bay Packers',3,''),(217,'2013-08-20 05:16:27',1,12,'70','2013-10-06 18:00:00+00:00 - Philadelphia Eagles at New York Giants',3,''),(218,'2013-08-20 05:16:27',1,12,'69','2013-10-06 18:00:00+00:00 - Baltimore Ravens at Miami Dolphins',3,''),(219,'2013-08-20 05:16:27',1,12,'68','2013-10-06 18:00:00+00:00 - Jacksonville Jaguars at St. Louis Rams',3,''),(220,'2013-08-20 05:16:27',1,12,'67','2013-10-06 18:00:00+00:00 - New England Patriots at Cincinnati Bengals',3,''),(221,'2013-08-20 05:16:27',1,12,'66','2013-10-06 18:00:00+00:00 - New Orleans Saints at Chicago Bears',3,''),(222,'2013-08-20 05:16:27',1,12,'65','2013-10-04 01:25:00+00:00 - Buffalo Bills at Cleveland Browns',3,''),(223,'2013-08-20 05:16:27',1,12,'64','2013-10-01 01:30:00+00:00 - Miami Dolphins at New Orleans Saints',3,''),(224,'2013-08-20 05:16:27',1,12,'63','2013-09-30 01:30:00+00:00 - New England Patriots at Atlanta Falcons',3,''),(225,'2013-08-20 05:16:27',1,12,'62','2013-09-29 21:25:00+00:00 - Washington Redskins at Oakland Raiders',3,''),(226,'2013-08-20 05:16:27',1,12,'61','2013-09-29 21:25:00+00:00 - Dallas Cowboys at San Diego Chargers',3,''),(227,'2013-08-20 05:16:27',1,12,'60','2013-09-29 21:25:00+00:00 - Philadelphia Eagles at Denver Broncos',3,''),(228,'2013-08-20 05:16:27',1,12,'59','2013-09-29 21:05:00+00:00 - New York Jets at Tennessee Titans',3,''),(229,'2013-08-20 05:16:27',1,12,'58','2013-09-29 18:00:00+00:00 - Seattle Seahawks at Houston Texans',3,''),(230,'2013-08-20 05:16:33',1,12,'57','2013-09-29 18:00:00+00:00 - Indianapolis Colts at Jacksonville Jaguars',3,''),(231,'2013-08-20 05:16:33',1,12,'56','2013-09-29 18:00:00+00:00 - Arizona Cardinals at Tampa Bay Buccaneers',3,''),(232,'2013-08-20 05:16:33',1,12,'55','2013-09-29 18:00:00+00:00 - Pittsburgh Steelers at Minnesota Vikings',3,''),(233,'2013-08-20 05:16:33',1,12,'54','2013-09-29 18:00:00+00:00 - New York Giants at Kansas City Chiefs',3,''),(234,'2013-08-20 05:16:33',1,12,'53','2013-09-29 18:00:00+00:00 - Chicago Bears at Detroit Lions',3,''),(235,'2013-08-20 05:16:33',1,12,'52','2013-09-29 18:00:00+00:00 - Cincinnati Bengals at Cleveland Browns',3,''),(236,'2013-08-20 05:16:33',1,12,'51','2013-09-29 18:00:00+00:00 - Baltimore Ravens at Buffalo Bills',3,''),(237,'2013-08-20 05:16:33',1,12,'50','2013-09-27 01:25:00+00:00 - San Francisco 49ers at St. Louis Rams',3,''),(238,'2013-08-20 05:16:33',1,12,'49','2013-09-24 01:30:00+00:00 - Oakland Raiders at Denver Broncos',3,''),(239,'2013-08-20 05:16:33',1,12,'48','2013-09-23 01:30:00+00:00 - Chicago Bears at Pittsburgh Steelers',3,''),(240,'2013-08-20 05:16:33',1,12,'47','2013-09-22 21:25:00+00:00 - Jacksonville Jaguars at Seattle Seahawks',3,''),(241,'2013-08-20 05:16:33',1,12,'46','2013-09-22 21:25:00+00:00 - Indianapolis Colts at San Francisco 49ers',3,''),(242,'2013-08-20 05:16:33',1,12,'45','2013-09-22 21:25:00+00:00 - Buffalo Bills at New York Jets',3,''),(243,'2013-08-20 05:16:33',1,12,'44','2013-09-22 21:05:00+00:00 - Atlanta Falcons at Miami Dolphins',3,''),(244,'2013-08-20 05:16:33',1,12,'43','2013-09-22 18:00:00+00:00 - Houston Texans at Baltimore Ravens',3,''),(245,'2013-08-20 05:16:33',1,12,'42','2013-09-22 18:00:00+00:00 - New York Giants at Carolina Panthers',3,''),(246,'2013-08-20 05:16:33',1,12,'41','2013-09-22 18:00:00+00:00 - Detroit Lions at Washington Redskins',3,''),(247,'2013-08-20 05:16:33',1,12,'40','2013-09-22 18:00:00+00:00 - Arizona Cardinals at New Orleans Saints',3,''),(248,'2013-08-20 05:16:33',1,12,'39','2013-09-22 18:00:00+00:00 - Tampa Bay Buccaneers at New England Patriots',3,''),(249,'2013-08-20 05:16:33',1,12,'38','2013-09-22 18:00:00+00:00 - Cleveland Browns at Minnesota Vikings',3,''),(250,'2013-08-20 05:16:33',1,12,'37','2013-09-22 18:00:00+00:00 - San Diego Chargers at Tennessee Titans',3,''),(251,'2013-08-20 05:16:33',1,12,'36','2013-09-22 18:00:00+00:00 - St. Louis Rams at Dallas Cowboys',3,''),(252,'2013-08-20 05:16:33',1,12,'35','2013-09-22 18:00:00+00:00 - Green Bay Packers at Cincinnati Bengals',3,''),(253,'2013-08-20 05:16:33',1,12,'34','2013-09-20 01:25:00+00:00 - Kansas City Chiefs at Philadelphia Eagles',3,''),(254,'2013-08-20 05:16:33',1,12,'33','2013-09-17 01:30:00+00:00 - Pittsburgh Steelers at Cincinnati Bengals',3,''),(255,'2013-08-20 05:16:33',1,12,'32','2013-09-16 01:30:00+00:00 - San Francisco 49ers at Seattle Seahawks',3,''),(256,'2013-08-20 05:16:33',1,12,'31','2013-09-15 21:25:00+00:00 - Denver Broncos at New York Giants',3,''),(257,'2013-08-20 05:16:33',1,12,'30','2013-09-15 21:25:00+00:00 - Jacksonville Jaguars at Oakland Raiders',3,''),(258,'2013-08-20 05:16:33',1,12,'29','2013-09-15 21:05:00+00:00 - New Orleans Saints at Tampa Bay Buccaneers',3,''),(259,'2013-08-20 05:16:33',1,12,'28','2013-09-15 21:05:00+00:00 - Detroit Lions at Arizona Cardinals',3,''),(260,'2013-08-20 05:16:33',1,12,'27','2013-09-15 18:00:00+00:00 - San Diego Chargers at Philadelphia Eagles',3,''),(261,'2013-08-20 05:16:33',1,12,'26','2013-09-15 18:00:00+00:00 - Tennessee Titans at Houston Texans',3,''),(262,'2013-08-20 05:16:33',1,12,'25','2013-09-15 18:00:00+00:00 - Cleveland Browns at Baltimore Ravens',3,''),(263,'2013-08-20 05:16:33',1,12,'24','2013-09-15 18:00:00+00:00 - Dallas Cowboys at Kansas City Chiefs',3,''),(264,'2013-08-20 05:16:33',1,12,'23','2013-09-15 18:00:00+00:00 - Miami Dolphins at Indianapolis Colts',3,''),(265,'2013-08-20 05:16:33',1,12,'22','2013-09-15 18:00:00+00:00 - Washington Redskins at Green Bay Packers',3,''),(266,'2013-08-20 05:16:33',1,12,'21','2013-09-15 18:00:00+00:00 - Minnesota Vikings at Chicago Bears',3,''),(267,'2013-08-20 05:16:33',1,12,'20','2013-09-15 18:00:00+00:00 - Carolina Panthers at Buffalo Bills',3,''),(268,'2013-08-20 05:16:33',1,12,'19','2013-09-15 18:00:00+00:00 - St. Louis Rams at Atlanta Falcons',3,''),(269,'2013-08-20 05:16:33',1,12,'18','2013-09-13 01:25:00+00:00 - New York Jets at New England Patriots',3,''),(270,'2013-08-20 05:16:33',1,12,'17','2013-09-10 03:15:00+00:00 - Houston Texans at San Diego Chargers',3,''),(271,'2013-08-20 05:16:33',1,12,'16','2013-09-10 00:00:00+00:00 - Philadelphia Eagles at Washington Redskins',3,''),(272,'2013-08-20 05:16:33',1,12,'15','2013-09-09 01:30:00+00:00 - New York Giants at Dallas Cowboys',3,''),(273,'2013-08-20 05:16:33',1,12,'14','2013-09-08 21:25:00+00:00 - Green Bay Packers at San Francisco 49ers',3,''),(274,'2013-08-20 05:16:33',1,12,'13','2013-09-08 21:25:00+00:00 - Arizona Cardinals at St. Louis Rams',3,''),(275,'2013-08-20 05:16:33',1,12,'12','2013-09-08 18:00:00+00:00 - Kansas City Chiefs at Jacksonville Jaguars',3,''),(276,'2013-08-20 05:16:33',1,12,'11','2013-09-08 18:00:00+00:00 - Seattle Seahawks at Carolina Panthers',3,''),(277,'2013-08-20 05:16:33',1,12,'10','2013-09-08 18:00:00+00:00 - Oakland Raiders at Indianapolis Colts',3,''),(278,'2013-08-20 05:16:33',1,12,'9','2013-09-08 18:00:00+00:00 - Minnesota Vikings at Detroit Lions',3,''),(279,'2013-08-20 05:16:33',1,12,'8','2013-09-08 18:00:00+00:00 - Tennessee Titans at Pittsburgh Steelers',3,''),(280,'2013-08-20 05:16:33',1,12,'7','2013-09-08 18:00:00+00:00 - Tampa Bay Buccaneers at New York Jets',3,''),(281,'2013-08-20 05:16:33',1,12,'6','2013-09-08 18:00:00+00:00 - Atlanta Falcons at New Orleans Saints',3,''),(282,'2013-08-20 05:16:33',1,12,'5','2013-09-08 18:00:00+00:00 - Miami Dolphins at Cleveland Browns',3,''),(283,'2013-08-20 05:16:33',1,12,'4','2013-09-08 18:00:00+00:00 - Cincinnati Bengals at Chicago Bears',3,''),(284,'2013-08-20 05:16:33',1,12,'3','2013-09-08 18:00:00+00:00 - New England Patriots at Buffalo Bills',3,''),(285,'2013-08-20 05:16:33',1,12,'2','2013-09-06 01:30:00+00:00 - Baltimore Ravens at Denver Broncos',3,''),(286,'2013-08-20 05:16:33',1,12,'1','2013-09-10 23:11:43+00:00 - Green Bay Packers at Washington Redskins',3,''),(287,'2013-08-21 04:35:25',1,12,'513','2013-12-29 14:25:00-07:00 - Denver Broncos at Oakland Raiders',3,''),(288,'2013-08-21 04:35:25',1,12,'512','2013-12-29 14:25:00-07:00 - St. Louis Rams at Seattle Seahawks',3,''),(289,'2013-08-21 04:35:25',1,12,'511','2013-12-29 14:25:00-07:00 - Kansas City Chiefs at San Diego Chargers',3,''),(290,'2013-08-21 04:35:25',1,12,'510','2013-12-29 14:25:00-07:00 - San Francisco 49ers at Arizona Cardinals',3,''),(291,'2013-08-21 04:35:25',1,12,'509','2013-12-29 11:00:00-07:00 - Washington Redskins at New York Giants',3,''),(292,'2013-08-21 04:35:25',1,12,'508','2013-12-29 11:00:00-07:00 - Tampa Bay Buccaneers at New Orleans Saints',3,''),(293,'2013-08-21 04:35:25',1,12,'507','2013-12-29 11:00:00-07:00 - Buffalo Bills at New England Patriots',3,''),(294,'2013-08-21 04:35:25',1,12,'506','2013-12-29 11:00:00-07:00 - Detroit Lions at Minnesota Vikings',3,''),(295,'2013-08-21 04:35:25',1,12,'505','2013-12-29 11:00:00-07:00 - New York Jets at Miami Dolphins',3,''),(296,'2013-08-21 04:35:25',1,12,'504','2013-12-29 11:00:00-07:00 - Cleveland Browns at Pittsburgh Steelers',3,''),(297,'2013-08-21 04:35:25',1,12,'503','2013-12-29 11:00:00-07:00 - Jacksonville Jaguars at Indianapolis Colts',3,''),(298,'2013-08-21 04:35:25',1,12,'502','2013-12-29 11:00:00-07:00 - Houston Texans at Tennessee Titans',3,''),(299,'2013-08-21 04:35:25',1,12,'501','2013-12-29 11:00:00-07:00 - Philadelphia Eagles at Dallas Cowboys',3,''),(300,'2013-08-21 04:35:25',1,12,'500','2013-12-29 11:00:00-07:00 - Baltimore Ravens at Cincinnati Bengals',3,''),(301,'2013-08-21 04:35:25',1,12,'499','2013-12-29 11:00:00-07:00 - Green Bay Packers at Chicago Bears',3,''),(302,'2013-08-21 04:35:25',1,12,'498','2013-12-29 11:00:00-07:00 - Carolina Panthers at Atlanta Falcons',3,''),(303,'2013-08-21 04:35:25',1,12,'497','2013-12-23 18:30:00-07:00 - Atlanta Falcons at San Francisco 49ers',3,''),(304,'2013-08-21 04:35:25',1,12,'496','2013-12-22 18:30:00-07:00 - New England Patriots at Baltimore Ravens',3,''),(305,'2013-08-21 04:35:25',1,12,'495','2013-12-22 14:25:00-07:00 - Oakland Raiders at San Diego Chargers',3,''),(306,'2013-08-21 04:35:25',1,12,'494','2013-12-22 14:25:00-07:00 - Pittsburgh Steelers at Green Bay Packers',3,''),(307,'2013-08-21 04:35:25',1,12,'493','2013-12-22 14:05:00-07:00 - New York Giants at Detroit Lions',3,''),(308,'2013-08-21 04:35:25',1,12,'492','2013-12-22 14:05:00-07:00 - Arizona Cardinals at Seattle Seahawks',3,''),(309,'2013-08-21 04:35:25',1,12,'491','2013-12-22 11:00:00-07:00 - Denver Broncos at Houston Texans',3,''),(310,'2013-08-21 04:35:25',1,12,'490','2013-12-22 11:00:00-07:00 - Tennessee Titans at Jacksonville Jaguars',3,''),(311,'2013-08-21 04:35:25',1,12,'489','2013-12-22 11:00:00-07:00 - New Orleans Saints at Carolina Panthers',3,''),(312,'2013-08-21 04:35:25',1,12,'488','2013-12-22 11:00:00-07:00 - Dallas Cowboys at Washington Redskins',3,''),(313,'2013-08-21 04:35:25',1,12,'487','2013-12-22 11:00:00-07:00 - Chicago Bears at Philadelphia Eagles',3,''),(314,'2013-08-21 04:35:25',1,12,'486','2013-12-22 11:00:00-07:00 - Cleveland Browns at New York Jets',3,''),(315,'2013-08-21 04:35:25',1,12,'485','2013-12-22 11:00:00-07:00 - Tampa Bay Buccaneers at St. Louis Rams',3,''),(316,'2013-08-21 04:35:25',1,12,'484','2013-12-22 11:00:00-07:00 - Indianapolis Colts at Kansas City Chiefs',3,''),(317,'2013-08-21 04:35:25',1,12,'483','2013-12-22 11:00:00-07:00 - Minnesota Vikings at Cincinnati Bengals',3,''),(318,'2013-08-21 04:35:25',1,12,'482','2013-12-22 11:00:00-07:00 - Miami Dolphins at Buffalo Bills',3,''),(319,'2013-08-21 04:35:25',1,12,'481','2013-12-16 18:30:00-07:00 - Baltimore Ravens at Detroit Lions',3,''),(320,'2013-08-21 04:35:25',1,12,'480','2013-12-15 18:30:00-07:00 - Cincinnati Bengals at Pittsburgh Steelers',3,''),(321,'2013-08-21 04:35:25',1,12,'479','2013-12-15 14:25:00-07:00 - Green Bay Packers at Dallas Cowboys',3,''),(322,'2013-08-21 04:35:25',1,12,'478','2013-12-15 14:05:00-07:00 - Kansas City Chiefs at Oakland Raiders',3,''),(323,'2013-08-21 04:35:25',1,12,'477','2013-12-15 14:05:00-07:00 - New York Jets at Carolina Panthers',3,''),(324,'2013-08-21 04:35:25',1,12,'476','2013-12-15 11:00:00-07:00 - San Francisco 49ers at Tampa Bay Buccaneers',3,''),(325,'2013-08-21 04:35:25',1,12,'475','2013-12-15 11:00:00-07:00 - Buffalo Bills at Jacksonville Jaguars',3,''),(326,'2013-08-21 04:35:25',1,12,'474','2013-12-15 11:00:00-07:00 - Seattle Seahawks at New York Giants',3,''),(327,'2013-08-21 04:35:25',1,12,'473','2013-12-15 11:00:00-07:00 - Philadelphia Eagles at Minnesota Vikings',3,''),(328,'2013-08-21 04:35:25',1,12,'472','2013-12-15 11:00:00-07:00 - New England Patriots at Miami Dolphins',3,''),(329,'2013-08-21 04:35:25',1,12,'471','2013-12-15 11:00:00-07:00 - New Orleans Saints at St. Louis Rams',3,''),(330,'2013-08-21 04:35:25',1,12,'470','2013-12-15 11:00:00-07:00 - Houston Texans at Indianapolis Colts',3,''),(331,'2013-08-21 04:35:25',1,12,'469','2013-12-15 11:00:00-07:00 - Arizona Cardinals at Tennessee Titans',3,''),(332,'2013-08-21 04:35:25',1,12,'468','2013-12-15 11:00:00-07:00 - Chicago Bears at Cleveland Browns',3,''),(333,'2013-08-21 04:35:25',1,12,'467','2013-12-15 11:00:00-07:00 - Washington Redskins at Atlanta Falcons',3,''),(334,'2013-08-21 04:35:25',1,12,'466','2013-12-12 18:25:00-07:00 - San Diego Chargers at Denver Broncos',3,''),(335,'2013-08-21 04:35:25',1,12,'465','2013-12-09 18:30:00-07:00 - Dallas Cowboys at Chicago Bears',3,''),(336,'2013-08-21 04:35:25',1,12,'464','2013-12-08 18:30:00-07:00 - Atlanta Falcons at Green Bay Packers',3,''),(337,'2013-08-21 04:35:25',1,12,'463','2013-12-08 14:25:00-07:00 - St. Louis Rams at Arizona Cardinals',3,''),(338,'2013-08-21 04:35:25',1,12,'462','2013-12-08 14:25:00-07:00 - Seattle Seahawks at San Francisco 49ers',3,''),(339,'2013-08-21 04:35:25',1,12,'461','2013-12-08 14:25:00-07:00 - New York Giants at San Diego Chargers',3,''),(340,'2013-08-21 04:35:25',1,12,'460','2013-12-08 14:05:00-07:00 - Tennessee Titans at Denver Broncos',3,''),(341,'2013-08-21 04:35:25',1,12,'459','2013-12-08 11:00:00-07:00 - Miami Dolphins at Pittsburgh Steelers',3,''),(342,'2013-08-21 04:35:25',1,12,'458','2013-12-08 11:00:00-07:00 - Detroit Lions at Philadelphia Eagles',3,''),(343,'2013-08-21 04:35:25',1,12,'457','2013-12-08 11:00:00-07:00 - Oakland Raiders at New York Jets',3,''),(344,'2013-08-21 04:35:25',1,12,'456','2013-12-08 11:00:00-07:00 - Carolina Panthers at New Orleans Saints',3,''),(345,'2013-08-21 04:35:25',1,12,'455','2013-12-08 11:00:00-07:00 - Cleveland Browns at New England Patriots',3,''),(346,'2013-08-21 04:35:25',1,12,'454','2013-12-08 11:00:00-07:00 - Minnesota Vikings at Baltimore Ravens',3,''),(347,'2013-08-21 04:35:25',1,12,'453','2013-12-08 11:00:00-07:00 - Kansas City Chiefs at Washington Redskins',3,''),(348,'2013-08-21 04:35:25',1,12,'452','2013-12-08 11:00:00-07:00 - Buffalo Bills at Tampa Bay Buccaneers',3,''),(349,'2013-08-21 04:35:25',1,12,'451','2013-12-08 11:00:00-07:00 - Indianapolis Colts at Cincinnati Bengals',3,''),(350,'2013-08-21 04:35:25',1,12,'450','2013-12-05 18:25:00-07:00 - Houston Texans at Jacksonville Jaguars',3,''),(351,'2013-08-21 04:35:25',1,12,'449','2013-12-02 18:30:00-07:00 - New Orleans Saints at Seattle Seahawks',3,''),(352,'2013-08-21 04:35:25',1,12,'448','2013-12-01 18:30:00-07:00 - New York Giants at Washington Redskins',3,''),(353,'2013-08-21 04:35:25',1,12,'447','2013-12-01 14:25:00-07:00 - Cincinnati Bengals at San Diego Chargers',3,''),(354,'2013-08-21 04:35:25',1,12,'446','2013-12-01 14:25:00-07:00 - New England Patriots at Houston Texans',3,''),(355,'2013-08-21 04:35:25',1,12,'445','2013-12-01 14:05:00-07:00 - St. Louis Rams at San Francisco 49ers',3,''),(356,'2013-08-21 04:35:25',1,12,'444','2013-12-01 14:05:00-07:00 - Atlanta Falcons at Buffalo Bills',3,''),(357,'2013-08-21 04:35:25',1,12,'443','2013-12-01 11:00:00-07:00 - Arizona Cardinals at Philadelphia Eagles',3,''),(358,'2013-08-21 04:35:25',1,12,'442','2013-12-01 11:00:00-07:00 - Miami Dolphins at New York Jets',3,''),(359,'2013-08-21 04:35:25',1,12,'441','2013-12-01 11:00:00-07:00 - Chicago Bears at Minnesota Vikings',3,''),(360,'2013-08-21 04:35:25',1,12,'440','2013-12-01 11:00:00-07:00 - Denver Broncos at Kansas City Chiefs',3,''),(361,'2013-08-21 04:35:25',1,12,'439','2013-12-01 11:00:00-07:00 - Tennessee Titans at Indianapolis Colts',3,''),(362,'2013-08-21 04:35:25',1,12,'438','2013-12-01 11:00:00-07:00 - Jacksonville Jaguars at Cleveland Browns',3,''),(363,'2013-08-21 04:35:25',1,12,'437','2013-12-01 11:00:00-07:00 - Tampa Bay Buccaneers at Carolina Panthers',3,''),(364,'2013-08-21 04:35:25',1,12,'436','2013-11-28 18:30:00-07:00 - Pittsburgh Steelers at Baltimore Ravens',3,''),(365,'2013-08-21 04:35:25',1,12,'435','2013-11-28 14:30:00-07:00 - Oakland Raiders at Dallas Cowboys',3,''),(366,'2013-08-21 04:35:25',1,12,'434','2013-11-27 22:30:00-07:00 - Green Bay Packers at Detroit Lions',3,''),(367,'2013-08-21 04:35:25',1,12,'433','2013-11-25 18:30:00-07:00 - San Francisco 49ers at Washington Redskins',3,''),(368,'2013-08-21 04:35:25',1,12,'432','2013-11-24 18:30:00-07:00 - Denver Broncos at New England Patriots',3,''),(369,'2013-08-21 04:35:25',1,12,'431','2013-11-24 14:25:00-07:00 - Dallas Cowboys at New York Giants',3,''),(370,'2013-08-21 04:35:25',1,12,'430','2013-11-24 14:05:00-07:00 - Tennessee Titans at Oakland Raiders',3,''),(371,'2013-08-21 04:35:25',1,12,'429','2013-11-24 14:05:00-07:00 - Indianapolis Colts at Arizona Cardinals',3,''),(372,'2013-08-21 04:35:25',1,12,'428','2013-11-24 11:00:00-07:00 - Jacksonville Jaguars at Houston Texans',3,''),(373,'2013-08-21 04:35:25',1,12,'427','2013-11-24 11:00:00-07:00 - New York Jets at Baltimore Ravens',3,''),(374,'2013-08-21 04:35:25',1,12,'426','2013-11-24 11:00:00-07:00 - Carolina Panthers at Miami Dolphins',3,''),(375,'2013-08-21 04:35:25',1,12,'425','2013-11-24 11:00:00-07:00 - Chicago Bears at St. Louis Rams',3,''),(376,'2013-08-21 04:35:25',1,12,'424','2013-11-24 11:00:00-07:00 - San Diego Chargers at Kansas City Chiefs',3,''),(377,'2013-08-21 04:35:25',1,12,'423','2013-11-24 11:00:00-07:00 - Minnesota Vikings at Green Bay Packers',3,''),(378,'2013-08-21 04:35:25',1,12,'422','2013-11-24 11:00:00-07:00 - Tampa Bay Buccaneers at Detroit Lions',3,''),(379,'2013-08-21 04:35:25',1,12,'421','2013-11-24 11:00:00-07:00 - Pittsburgh Steelers at Cleveland Browns',3,''),(380,'2013-08-21 04:35:25',1,12,'420','2013-11-21 18:25:00-07:00 - New Orleans Saints at Atlanta Falcons',3,''),(381,'2013-08-21 04:35:25',1,12,'419','2013-11-18 18:30:00-07:00 - New England Patriots at Carolina Panthers',3,''),(382,'2013-08-21 04:35:25',1,12,'418','2013-11-17 18:30:00-07:00 - Green Bay Packers at New York Giants',3,''),(383,'2013-08-21 04:35:25',1,12,'417','2013-11-17 14:25:00-07:00 - San Francisco 49ers at New Orleans Saints',3,''),(384,'2013-08-21 04:35:25',1,12,'416','2013-11-17 14:25:00-07:00 - Minnesota Vikings at Seattle Seahawks',3,''),(385,'2013-08-21 04:35:25',1,12,'415','2013-11-17 14:05:00-07:00 - Kansas City Chiefs at Denver Broncos',3,''),(386,'2013-08-21 04:35:25',1,12,'414','2013-11-17 11:00:00-07:00 - Detroit Lions at Pittsburgh Steelers',3,''),(387,'2013-08-21 04:35:33',1,12,'413','2013-11-17 11:00:00-07:00 - Washington Redskins at Philadelphia Eagles',3,''),(388,'2013-08-21 04:35:33',1,12,'412','2013-11-17 11:00:00-07:00 - San Diego Chargers at Miami Dolphins',3,''),(389,'2013-08-21 04:35:33',1,12,'411','2013-11-17 11:00:00-07:00 - Oakland Raiders at Houston Texans',3,''),(390,'2013-08-21 04:35:33',1,12,'410','2013-11-17 11:00:00-07:00 - Arizona Cardinals at Jacksonville Jaguars',3,''),(391,'2013-08-21 04:35:33',1,12,'409','2013-11-17 11:00:00-07:00 - Atlanta Falcons at Tampa Bay Buccaneers',3,''),(392,'2013-08-21 04:35:33',1,12,'408','2013-11-17 11:00:00-07:00 - Cleveland Browns at Cincinnati Bengals',3,''),(393,'2013-08-21 04:35:33',1,12,'407','2013-11-17 11:00:00-07:00 - Baltimore Ravens at Chicago Bears',3,''),(394,'2013-08-21 04:35:33',1,12,'406','2013-11-17 11:00:00-07:00 - New York Jets at Buffalo Bills',3,''),(395,'2013-08-21 04:35:33',1,12,'405','2013-11-14 18:25:00-07:00 - Indianapolis Colts at Tennessee Titans',3,''),(396,'2013-08-21 04:35:33',1,12,'404','2013-11-11 18:30:00-07:00 - Miami Dolphins at Tampa Bay Buccaneers',3,''),(397,'2013-08-21 04:35:33',1,12,'403','2013-11-10 18:30:00-07:00 - Dallas Cowboys at New Orleans Saints',3,''),(398,'2013-08-21 04:35:33',1,12,'402','2013-11-10 14:25:00-07:00 - Houston Texans at Arizona Cardinals',3,''),(399,'2013-08-21 04:35:33',1,12,'401','2013-11-10 14:25:00-07:00 - Denver Broncos at San Diego Chargers',3,''),(400,'2013-08-21 04:35:33',1,12,'400','2013-11-10 14:05:00-07:00 - Carolina Panthers at San Francisco 49ers',3,''),(401,'2013-08-21 04:35:33',1,12,'399','2013-11-10 11:00:00-07:00 - Cincinnati Bengals at Baltimore Ravens',3,''),(402,'2013-08-21 04:35:33',1,12,'398','2013-11-10 11:00:00-07:00 - Buffalo Bills at Pittsburgh Steelers',3,''),(403,'2013-08-21 04:35:33',1,12,'397','2013-11-10 11:00:00-07:00 - Oakland Raiders at New York Giants',3,''),(404,'2013-08-21 04:35:33',1,12,'396','2013-11-10 11:00:00-07:00 - St. Louis Rams at Indianapolis Colts',3,''),(405,'2013-08-21 04:35:33',1,12,'395','2013-11-10 11:00:00-07:00 - Jacksonville Jaguars at Tennessee Titans',3,''),(406,'2013-08-21 04:35:33',1,12,'394','2013-11-10 11:00:00-07:00 - Philadelphia Eagles at Green Bay Packers',3,''),(407,'2013-08-21 04:35:33',1,12,'393','2013-11-10 11:00:00-07:00 - Detroit Lions at Chicago Bears',3,''),(408,'2013-08-21 04:35:33',1,12,'392','2013-11-10 11:00:00-07:00 - Seattle Seahawks at Atlanta Falcons',3,''),(409,'2013-08-21 04:35:33',1,12,'391','2013-11-07 18:25:00-07:00 - Washington Redskins at Minnesota Vikings',3,''),(410,'2013-08-21 04:35:33',1,12,'390','2013-11-04 18:30:00-07:00 - Chicago Bears at Green Bay Packers',3,''),(411,'2013-08-21 04:35:33',1,12,'389','2013-11-03 18:30:00-07:00 - Indianapolis Colts at Houston Texans',3,''),(412,'2013-08-21 04:35:33',1,12,'388','2013-11-03 14:25:00-07:00 - Baltimore Ravens at Cleveland Browns',3,''),(413,'2013-08-21 04:35:33',1,12,'387','2013-11-03 14:25:00-07:00 - Pittsburgh Steelers at New England Patriots',3,''),(414,'2013-08-21 04:35:33',1,12,'386','2013-11-03 14:05:00-07:00 - Philadelphia Eagles at Oakland Raiders',3,''),(415,'2013-08-21 04:35:33',1,12,'385','2013-11-03 14:05:00-07:00 - Tampa Bay Buccaneers at Seattle Seahawks',3,''),(416,'2013-08-21 04:35:33',1,12,'384','2013-11-03 11:00:00-07:00 - New Orleans Saints at New York Jets',3,''),(417,'2013-08-21 04:35:33',1,12,'383','2013-11-03 11:00:00-07:00 - Tennessee Titans at St. Louis Rams',3,''),(418,'2013-08-21 04:35:33',1,12,'382','2013-11-03 11:00:00-07:00 - Minnesota Vikings at Dallas Cowboys',3,''),(419,'2013-08-21 04:35:33',1,12,'381','2013-11-03 11:00:00-07:00 - Atlanta Falcons at Carolina Panthers',3,''),(420,'2013-08-21 04:35:33',1,12,'380','2013-11-03 11:00:00-07:00 - San Diego Chargers at Washington Redskins',3,''),(421,'2013-08-21 04:35:33',1,12,'379','2013-11-03 11:00:00-07:00 - Kansas City Chiefs at Buffalo Bills',3,''),(422,'2013-08-21 04:35:33',1,12,'378','2013-10-31 19:25:00-06:00 - Cincinnati Bengals at Miami Dolphins',3,''),(423,'2013-08-21 04:35:33',1,12,'377','2013-10-28 19:30:00-06:00 - Seattle Seahawks at St. Louis Rams',3,''),(424,'2013-08-21 04:35:33',1,12,'376','2013-10-27 19:30:00-06:00 - Green Bay Packers at Minnesota Vikings',3,''),(425,'2013-08-21 04:35:33',1,12,'375','2013-10-27 15:25:00-06:00 - Atlanta Falcons at Arizona Cardinals',3,''),(426,'2013-08-21 04:35:33',1,12,'374','2013-10-27 15:25:00-06:00 - Washington Redskins at Denver Broncos',3,''),(427,'2013-08-21 04:35:33',1,12,'373','2013-10-27 15:05:00-06:00 - New York Jets at Cincinnati Bengals',3,''),(428,'2013-08-21 04:35:33',1,12,'372','2013-10-27 15:05:00-06:00 - Pittsburgh Steelers at Oakland Raiders',3,''),(429,'2013-08-21 04:35:33',1,12,'371','2013-10-27 12:00:00-06:00 - San Francisco 49ers at Jacksonville Jaguars',3,''),(430,'2013-08-21 04:35:33',1,12,'370','2013-10-27 12:00:00-06:00 - New York Giants at Philadelphia Eagles',3,''),(431,'2013-08-21 04:35:33',1,12,'369','2013-10-27 12:00:00-06:00 - Buffalo Bills at New Orleans Saints',3,''),(432,'2013-08-21 04:35:33',1,12,'368','2013-10-27 12:00:00-06:00 - Miami Dolphins at New England Patriots',3,''),(433,'2013-08-21 04:35:33',1,12,'367','2013-10-27 12:00:00-06:00 - Cleveland Browns at Kansas City Chiefs',3,''),(434,'2013-08-21 04:35:33',1,12,'366','2013-10-27 12:00:00-06:00 - Dallas Cowboys at Detroit Lions',3,''),(435,'2013-08-21 04:35:33',1,12,'365','2013-10-24 19:25:00-06:00 - Carolina Panthers at Tampa Bay Buccaneers',3,''),(436,'2013-08-21 04:35:33',1,12,'364','2013-10-21 19:30:00-06:00 - Minnesota Vikings at New York Giants',3,''),(437,'2013-08-21 04:35:33',1,12,'363','2013-10-20 19:30:00-06:00 - Denver Broncos at Indianapolis Colts',3,''),(438,'2013-08-21 04:35:33',1,12,'362','2013-10-20 15:25:00-06:00 - Cleveland Browns at Green Bay Packers',3,''),(439,'2013-08-21 04:35:33',1,12,'361','2013-10-20 15:25:00-06:00 - Baltimore Ravens at Pittsburgh Steelers',3,''),(440,'2013-08-21 04:35:33',1,12,'360','2013-10-20 15:05:00-06:00 - San Francisco 49ers at Tennessee Titans',3,''),(441,'2013-08-21 04:35:33',1,12,'359','2013-10-20 12:00:00-06:00 - San Diego Chargers at Jacksonville Jaguars',3,''),(442,'2013-08-21 04:35:33',1,12,'358','2013-10-20 12:00:00-06:00 - St. Louis Rams at Carolina Panthers',3,''),(443,'2013-08-21 04:35:33',1,12,'357','2013-10-20 12:00:00-06:00 - Chicago Bears at Washington Redskins',3,''),(444,'2013-08-21 04:35:33',1,12,'356','2013-10-20 12:00:00-06:00 - Dallas Cowboys at Philadelphia Eagles',3,''),(445,'2013-08-21 04:35:33',1,12,'355','2013-10-20 12:00:00-06:00 - New England Patriots at New York Jets',3,''),(446,'2013-08-21 04:35:33',1,12,'354','2013-10-20 12:00:00-06:00 - Buffalo Bills at Miami Dolphins',3,''),(447,'2013-08-21 04:35:33',1,12,'353','2013-10-20 12:00:00-06:00 - Houston Texans at Kansas City Chiefs',3,''),(448,'2013-08-21 04:35:33',1,12,'352','2013-10-20 12:00:00-06:00 - Cincinnati Bengals at Detroit Lions',3,''),(449,'2013-08-21 04:35:33',1,12,'351','2013-10-20 12:00:00-06:00 - Tampa Bay Buccaneers at Atlanta Falcons',3,''),(450,'2013-08-21 04:35:33',1,12,'350','2013-10-17 19:25:00-06:00 - Seattle Seahawks at Arizona Cardinals',3,''),(451,'2013-08-21 04:35:33',1,12,'349','2013-10-14 19:30:00-06:00 - Indianapolis Colts at San Diego Chargers',3,''),(452,'2013-08-21 04:35:33',1,12,'348','2013-10-13 19:30:00-06:00 - Washington Redskins at Dallas Cowboys',3,''),(453,'2013-08-21 04:35:33',1,12,'347','2013-10-13 15:25:00-06:00 - Arizona Cardinals at San Francisco 49ers',3,''),(454,'2013-08-21 04:35:33',1,12,'346','2013-10-13 15:25:00-06:00 - New Orleans Saints at New England Patriots',3,''),(455,'2013-08-21 04:35:33',1,12,'345','2013-10-13 15:05:00-06:00 - Tennessee Titans at Seattle Seahawks',3,''),(456,'2013-08-21 04:35:33',1,12,'344','2013-10-13 15:05:00-06:00 - Jacksonville Jaguars at Denver Broncos',3,''),(457,'2013-08-21 04:35:33',1,12,'343','2013-10-13 12:00:00-06:00 - Pittsburgh Steelers at New York Jets',3,''),(458,'2013-08-21 04:35:33',1,12,'342','2013-10-13 12:00:00-06:00 - St. Louis Rams at Houston Texans',3,''),(459,'2013-08-21 04:35:33',1,12,'341','2013-10-13 12:00:00-06:00 - Green Bay Packers at Baltimore Ravens',3,''),(460,'2013-08-21 04:35:33',1,12,'340','2013-10-13 12:00:00-06:00 - Philadelphia Eagles at Tampa Bay Buccaneers',3,''),(461,'2013-08-21 04:35:33',1,12,'339','2013-10-13 12:00:00-06:00 - Carolina Panthers at Minnesota Vikings',3,''),(462,'2013-08-21 04:35:33',1,12,'338','2013-10-13 12:00:00-06:00 - Oakland Raiders at Kansas City Chiefs',3,''),(463,'2013-08-21 04:35:33',1,12,'337','2013-10-13 12:00:00-06:00 - Detroit Lions at Cleveland Browns',3,''),(464,'2013-08-21 04:35:33',1,12,'336','2013-10-13 12:00:00-06:00 - Cincinnati Bengals at Buffalo Bills',3,''),(465,'2013-08-21 04:35:33',1,12,'335','2013-10-10 19:25:00-06:00 - New York Giants at Chicago Bears',3,''),(466,'2013-08-21 04:35:33',1,12,'334','2013-10-07 19:30:00-06:00 - New York Jets at Atlanta Falcons',3,''),(467,'2013-08-21 04:35:33',1,12,'333','2013-10-06 19:30:00-06:00 - Houston Texans at San Francisco 49ers',3,''),(468,'2013-08-21 04:35:33',1,12,'332','2013-10-06 15:25:00-06:00 - San Diego Chargers at Oakland Raiders',3,''),(469,'2013-08-21 04:35:33',1,12,'331','2013-10-06 15:25:00-06:00 - Denver Broncos at Dallas Cowboys',3,''),(470,'2013-08-21 04:35:33',1,12,'330','2013-10-06 15:05:00-06:00 - Carolina Panthers at Arizona Cardinals',3,''),(471,'2013-08-21 04:35:33',1,12,'329','2013-10-06 12:00:00-06:00 - Seattle Seahawks at Indianapolis Colts',3,''),(472,'2013-08-21 04:35:33',1,12,'328','2013-10-06 12:00:00-06:00 - Kansas City Chiefs at Tennessee Titans',3,''),(473,'2013-08-21 04:35:33',1,12,'327','2013-10-06 12:00:00-06:00 - Detroit Lions at Green Bay Packers',3,''),(474,'2013-08-21 04:35:33',1,12,'326','2013-10-06 12:00:00-06:00 - Philadelphia Eagles at New York Giants',3,''),(475,'2013-08-21 04:35:33',1,12,'325','2013-10-06 12:00:00-06:00 - Baltimore Ravens at Miami Dolphins',3,''),(476,'2013-08-21 04:35:33',1,12,'324','2013-10-06 12:00:00-06:00 - Jacksonville Jaguars at St. Louis Rams',3,''),(477,'2013-08-21 04:35:33',1,12,'323','2013-10-06 12:00:00-06:00 - New England Patriots at Cincinnati Bengals',3,''),(478,'2013-08-21 04:35:33',1,12,'322','2013-10-06 12:00:00-06:00 - New Orleans Saints at Chicago Bears',3,''),(479,'2013-08-21 04:35:33',1,12,'321','2013-10-03 19:25:00-06:00 - Buffalo Bills at Cleveland Browns',3,''),(480,'2013-08-21 04:35:33',1,12,'320','2013-09-30 19:30:00-06:00 - Miami Dolphins at New Orleans Saints',3,''),(481,'2013-08-21 04:35:33',1,12,'319','2013-09-29 19:30:00-06:00 - New England Patriots at Atlanta Falcons',3,''),(482,'2013-08-21 04:35:33',1,12,'318','2013-09-29 15:25:00-06:00 - Washington Redskins at Oakland Raiders',3,''),(483,'2013-08-21 04:35:33',1,12,'317','2013-09-29 15:25:00-06:00 - Dallas Cowboys at San Diego Chargers',3,''),(484,'2013-08-21 04:35:33',1,12,'316','2013-09-29 15:25:00-06:00 - Philadelphia Eagles at Denver Broncos',3,''),(485,'2013-08-21 04:35:33',1,12,'315','2013-09-29 15:05:00-06:00 - New York Jets at Tennessee Titans',3,''),(486,'2013-08-21 04:35:33',1,12,'314','2013-09-29 12:00:00-06:00 - Seattle Seahawks at Houston Texans',3,''),(487,'2013-08-21 04:35:40',1,12,'313','2013-09-29 12:00:00-06:00 - Indianapolis Colts at Jacksonville Jaguars',3,''),(488,'2013-08-21 04:35:40',1,12,'312','2013-09-29 12:00:00-06:00 - Arizona Cardinals at Tampa Bay Buccaneers',3,''),(489,'2013-08-21 04:35:40',1,12,'311','2013-09-29 12:00:00-06:00 - Pittsburgh Steelers at Minnesota Vikings',3,''),(490,'2013-08-21 04:35:40',1,12,'310','2013-09-29 12:00:00-06:00 - New York Giants at Kansas City Chiefs',3,''),(491,'2013-08-21 04:35:40',1,12,'309','2013-09-29 12:00:00-06:00 - Chicago Bears at Detroit Lions',3,''),(492,'2013-08-21 04:35:40',1,12,'308','2013-09-29 12:00:00-06:00 - Cincinnati Bengals at Cleveland Browns',3,''),(493,'2013-08-21 04:35:40',1,12,'307','2013-09-29 12:00:00-06:00 - Baltimore Ravens at Buffalo Bills',3,''),(494,'2013-08-21 04:35:40',1,12,'306','2013-09-26 19:25:00-06:00 - San Francisco 49ers at St. Louis Rams',3,''),(495,'2013-08-21 04:35:40',1,12,'305','2013-09-23 19:30:00-06:00 - Oakland Raiders at Denver Broncos',3,''),(496,'2013-08-21 04:35:40',1,12,'304','2013-09-22 19:30:00-06:00 - Chicago Bears at Pittsburgh Steelers',3,''),(497,'2013-08-21 04:35:40',1,12,'303','2013-09-22 15:25:00-06:00 - Jacksonville Jaguars at Seattle Seahawks',3,''),(498,'2013-08-21 04:35:40',1,12,'302','2013-09-22 15:25:00-06:00 - Indianapolis Colts at San Francisco 49ers',3,''),(499,'2013-08-21 04:35:40',1,12,'301','2013-09-22 15:25:00-06:00 - Buffalo Bills at New York Jets',3,''),(500,'2013-08-21 04:35:40',1,12,'300','2013-09-22 15:05:00-06:00 - Atlanta Falcons at Miami Dolphins',3,''),(501,'2013-08-21 04:35:40',1,12,'299','2013-09-22 12:00:00-06:00 - Houston Texans at Baltimore Ravens',3,''),(502,'2013-08-21 04:35:40',1,12,'298','2013-09-22 12:00:00-06:00 - New York Giants at Carolina Panthers',3,''),(503,'2013-08-21 04:35:40',1,12,'297','2013-09-22 12:00:00-06:00 - Detroit Lions at Washington Redskins',3,''),(504,'2013-08-21 04:35:40',1,12,'296','2013-09-22 12:00:00-06:00 - Arizona Cardinals at New Orleans Saints',3,''),(505,'2013-08-21 04:35:40',1,12,'295','2013-09-22 12:00:00-06:00 - Tampa Bay Buccaneers at New England Patriots',3,''),(506,'2013-08-21 04:35:40',1,12,'294','2013-09-22 12:00:00-06:00 - Cleveland Browns at Minnesota Vikings',3,''),(507,'2013-08-21 04:35:40',1,12,'293','2013-09-22 12:00:00-06:00 - San Diego Chargers at Tennessee Titans',3,''),(508,'2013-08-21 04:35:40',1,12,'292','2013-09-22 12:00:00-06:00 - St. Louis Rams at Dallas Cowboys',3,''),(509,'2013-08-21 04:35:40',1,12,'291','2013-09-22 12:00:00-06:00 - Green Bay Packers at Cincinnati Bengals',3,''),(510,'2013-08-21 04:35:40',1,12,'290','2013-09-19 19:25:00-06:00 - Kansas City Chiefs at Philadelphia Eagles',3,''),(511,'2013-08-21 04:35:40',1,12,'289','2013-09-16 19:30:00-06:00 - Pittsburgh Steelers at Cincinnati Bengals',3,''),(512,'2013-08-21 04:35:40',1,12,'288','2013-09-15 19:30:00-06:00 - San Francisco 49ers at Seattle Seahawks',3,''),(513,'2013-08-21 04:35:40',1,12,'287','2013-09-15 15:25:00-06:00 - Denver Broncos at New York Giants',3,''),(514,'2013-08-21 04:35:40',1,12,'286','2013-09-15 15:25:00-06:00 - Jacksonville Jaguars at Oakland Raiders',3,''),(515,'2013-08-21 04:35:40',1,12,'285','2013-09-15 15:05:00-06:00 - New Orleans Saints at Tampa Bay Buccaneers',3,''),(516,'2013-08-21 04:35:40',1,12,'284','2013-09-15 15:05:00-06:00 - Detroit Lions at Arizona Cardinals',3,''),(517,'2013-08-21 04:35:40',1,12,'283','2013-09-15 12:00:00-06:00 - San Diego Chargers at Philadelphia Eagles',3,''),(518,'2013-08-21 04:35:40',1,12,'282','2013-09-15 12:00:00-06:00 - Tennessee Titans at Houston Texans',3,''),(519,'2013-08-21 04:35:40',1,12,'281','2013-09-15 12:00:00-06:00 - Cleveland Browns at Baltimore Ravens',3,''),(520,'2013-08-21 04:35:40',1,12,'280','2013-09-15 12:00:00-06:00 - Dallas Cowboys at Kansas City Chiefs',3,''),(521,'2013-08-21 04:35:40',1,12,'279','2013-09-15 12:00:00-06:00 - Miami Dolphins at Indianapolis Colts',3,''),(522,'2013-08-21 04:35:40',1,12,'278','2013-09-15 12:00:00-06:00 - Washington Redskins at Green Bay Packers',3,''),(523,'2013-08-21 04:35:40',1,12,'277','2013-09-15 12:00:00-06:00 - Minnesota Vikings at Chicago Bears',3,''),(524,'2013-08-21 04:35:40',1,12,'276','2013-09-15 12:00:00-06:00 - Carolina Panthers at Buffalo Bills',3,''),(525,'2013-08-21 04:35:40',1,12,'275','2013-09-15 12:00:00-06:00 - St. Louis Rams at Atlanta Falcons',3,''),(526,'2013-08-21 04:35:40',1,12,'274','2013-09-12 19:25:00-06:00 - New York Jets at New England Patriots',3,''),(527,'2013-08-21 04:35:40',1,12,'273','2013-09-09 21:15:00-06:00 - Houston Texans at San Diego Chargers',3,''),(528,'2013-08-21 04:35:40',1,12,'272','2013-09-09 18:00:00-06:00 - Philadelphia Eagles at Washington Redskins',3,''),(529,'2013-08-21 04:35:40',1,12,'271','2013-09-08 19:30:00-06:00 - New York Giants at Dallas Cowboys',3,''),(530,'2013-08-21 04:35:40',1,12,'270','2013-09-08 15:25:00-06:00 - Green Bay Packers at San Francisco 49ers',3,''),(531,'2013-08-21 04:35:40',1,12,'269','2013-09-08 15:25:00-06:00 - Arizona Cardinals at St. Louis Rams',3,''),(532,'2013-08-21 04:35:40',1,12,'268','2013-09-08 12:00:00-06:00 - Kansas City Chiefs at Jacksonville Jaguars',3,''),(533,'2013-08-21 04:35:40',1,12,'267','2013-09-08 12:00:00-06:00 - Seattle Seahawks at Carolina Panthers',3,''),(534,'2013-08-21 04:35:40',1,12,'266','2013-09-08 12:00:00-06:00 - Oakland Raiders at Indianapolis Colts',3,''),(535,'2013-08-21 04:35:40',1,12,'265','2013-09-08 12:00:00-06:00 - Minnesota Vikings at Detroit Lions',3,''),(536,'2013-08-21 04:35:40',1,12,'264','2013-09-08 12:00:00-06:00 - Tennessee Titans at Pittsburgh Steelers',3,''),(537,'2013-08-21 04:35:40',1,12,'263','2013-09-08 12:00:00-06:00 - Tampa Bay Buccaneers at New York Jets',3,''),(538,'2013-08-21 04:35:40',1,12,'262','2013-09-08 12:00:00-06:00 - Atlanta Falcons at New Orleans Saints',3,''),(539,'2013-08-21 04:35:40',1,12,'261','2013-09-08 12:00:00-06:00 - Miami Dolphins at Cleveland Browns',3,''),(540,'2013-08-21 04:35:40',1,12,'260','2013-09-08 12:00:00-06:00 - Cincinnati Bengals at Chicago Bears',3,''),(541,'2013-08-21 04:35:40',1,12,'259','2013-09-08 12:00:00-06:00 - New England Patriots at Buffalo Bills',3,''),(542,'2013-08-21 04:35:40',1,12,'258','2013-09-05 19:30:00-06:00 - Baltimore Ravens at Denver Broncos',3,''),(543,'2013-08-21 04:38:16',1,12,'1025','2013-12-29 14:25:00-07:00 - Denver Broncos at Oakland Raiders',3,''),(544,'2013-08-21 04:38:16',1,12,'1024','2013-12-29 14:25:00-07:00 - St. Louis Rams at Seattle Seahawks',3,''),(545,'2013-08-21 04:38:16',1,12,'1023','2013-12-29 14:25:00-07:00 - Kansas City Chiefs at San Diego Chargers',3,''),(546,'2013-08-21 04:38:16',1,12,'1022','2013-12-29 14:25:00-07:00 - San Francisco 49ers at Arizona Cardinals',3,''),(547,'2013-08-21 04:38:16',1,12,'1021','2013-12-29 11:00:00-07:00 - Washington Redskins at New York Giants',3,''),(548,'2013-08-21 04:38:16',1,12,'1020','2013-12-29 11:00:00-07:00 - Tampa Bay Buccaneers at New Orleans Saints',3,''),(549,'2013-08-21 04:38:16',1,12,'1019','2013-12-29 11:00:00-07:00 - Buffalo Bills at New England Patriots',3,''),(550,'2013-08-21 04:38:16',1,12,'1018','2013-12-29 11:00:00-07:00 - Detroit Lions at Minnesota Vikings',3,''),(551,'2013-08-21 04:38:16',1,12,'1017','2013-12-29 11:00:00-07:00 - New York Jets at Miami Dolphins',3,''),(552,'2013-08-21 04:38:16',1,12,'1016','2013-12-29 11:00:00-07:00 - Cleveland Browns at Pittsburgh Steelers',3,''),(553,'2013-08-21 04:38:16',1,12,'1015','2013-12-29 11:00:00-07:00 - Jacksonville Jaguars at Indianapolis Colts',3,''),(554,'2013-08-21 04:38:16',1,12,'1014','2013-12-29 11:00:00-07:00 - Houston Texans at Tennessee Titans',3,''),(555,'2013-08-21 04:38:16',1,12,'1013','2013-12-29 11:00:00-07:00 - Philadelphia Eagles at Dallas Cowboys',3,''),(556,'2013-08-21 04:38:16',1,12,'1012','2013-12-29 11:00:00-07:00 - Baltimore Ravens at Cincinnati Bengals',3,''),(557,'2013-08-21 04:38:16',1,12,'1011','2013-12-29 11:00:00-07:00 - Green Bay Packers at Chicago Bears',3,''),(558,'2013-08-21 04:38:16',1,12,'1010','2013-12-29 11:00:00-07:00 - Carolina Panthers at Atlanta Falcons',3,''),(559,'2013-08-21 04:38:16',1,12,'1009','2013-12-23 18:30:00-07:00 - Atlanta Falcons at San Francisco 49ers',3,''),(560,'2013-08-21 04:38:17',1,12,'1008','2013-12-22 18:30:00-07:00 - New England Patriots at Baltimore Ravens',3,''),(561,'2013-08-21 04:38:17',1,12,'1007','2013-12-22 14:25:00-07:00 - Oakland Raiders at San Diego Chargers',3,''),(562,'2013-08-21 04:38:17',1,12,'1006','2013-12-22 14:25:00-07:00 - Pittsburgh Steelers at Green Bay Packers',3,''),(563,'2013-08-21 04:38:17',1,12,'1005','2013-12-22 14:05:00-07:00 - New York Giants at Detroit Lions',3,''),(564,'2013-08-21 04:38:17',1,12,'1004','2013-12-22 14:05:00-07:00 - Arizona Cardinals at Seattle Seahawks',3,''),(565,'2013-08-21 04:38:17',1,12,'1003','2013-12-22 11:00:00-07:00 - Denver Broncos at Houston Texans',3,''),(566,'2013-08-21 04:38:17',1,12,'1002','2013-12-22 11:00:00-07:00 - Tennessee Titans at Jacksonville Jaguars',3,''),(567,'2013-08-21 04:38:17',1,12,'1001','2013-12-22 11:00:00-07:00 - New Orleans Saints at Carolina Panthers',3,''),(568,'2013-08-21 04:38:17',1,12,'1000','2013-12-22 11:00:00-07:00 - Dallas Cowboys at Washington Redskins',3,''),(569,'2013-08-21 04:38:17',1,12,'999','2013-12-22 11:00:00-07:00 - Chicago Bears at Philadelphia Eagles',3,''),(570,'2013-08-21 04:38:17',1,12,'998','2013-12-22 11:00:00-07:00 - Cleveland Browns at New York Jets',3,''),(571,'2013-08-21 04:38:17',1,12,'997','2013-12-22 11:00:00-07:00 - Tampa Bay Buccaneers at St. Louis Rams',3,''),(572,'2013-08-21 04:38:17',1,12,'996','2013-12-22 11:00:00-07:00 - Indianapolis Colts at Kansas City Chiefs',3,''),(573,'2013-08-21 04:38:17',1,12,'995','2013-12-22 11:00:00-07:00 - Minnesota Vikings at Cincinnati Bengals',3,''),(574,'2013-08-21 04:38:17',1,12,'994','2013-12-22 11:00:00-07:00 - Miami Dolphins at Buffalo Bills',3,''),(575,'2013-08-21 04:38:17',1,12,'993','2013-12-16 18:30:00-07:00 - Baltimore Ravens at Detroit Lions',3,''),(576,'2013-08-21 04:38:17',1,12,'992','2013-12-15 18:30:00-07:00 - Cincinnati Bengals at Pittsburgh Steelers',3,''),(577,'2013-08-21 04:38:17',1,12,'991','2013-12-15 14:25:00-07:00 - Green Bay Packers at Dallas Cowboys',3,''),(578,'2013-08-21 04:38:17',1,12,'990','2013-12-15 14:05:00-07:00 - Kansas City Chiefs at Oakland Raiders',3,''),(579,'2013-08-21 04:38:17',1,12,'989','2013-12-15 14:05:00-07:00 - New York Jets at Carolina Panthers',3,''),(580,'2013-08-21 04:38:17',1,12,'988','2013-12-15 11:00:00-07:00 - San Francisco 49ers at Tampa Bay Buccaneers',3,''),(581,'2013-08-21 04:38:17',1,12,'987','2013-12-15 11:00:00-07:00 - Buffalo Bills at Jacksonville Jaguars',3,''),(582,'2013-08-21 04:38:17',1,12,'986','2013-12-15 11:00:00-07:00 - Seattle Seahawks at New York Giants',3,''),(583,'2013-08-21 04:38:17',1,12,'985','2013-12-15 11:00:00-07:00 - Philadelphia Eagles at Minnesota Vikings',3,''),(584,'2013-08-21 04:38:17',1,12,'984','2013-12-15 11:00:00-07:00 - New England Patriots at Miami Dolphins',3,''),(585,'2013-08-21 04:38:17',1,12,'983','2013-12-15 11:00:00-07:00 - New Orleans Saints at St. Louis Rams',3,''),(586,'2013-08-21 04:38:17',1,12,'982','2013-12-15 11:00:00-07:00 - Houston Texans at Indianapolis Colts',3,''),(587,'2013-08-21 04:38:17',1,12,'981','2013-12-15 11:00:00-07:00 - Arizona Cardinals at Tennessee Titans',3,''),(588,'2013-08-21 04:38:17',1,12,'980','2013-12-15 11:00:00-07:00 - Chicago Bears at Cleveland Browns',3,''),(589,'2013-08-21 04:38:17',1,12,'979','2013-12-15 11:00:00-07:00 - Washington Redskins at Atlanta Falcons',3,''),(590,'2013-08-21 04:38:17',1,12,'978','2013-12-12 18:25:00-07:00 - San Diego Chargers at Denver Broncos',3,''),(591,'2013-08-21 04:38:17',1,12,'977','2013-12-09 18:30:00-07:00 - Dallas Cowboys at Chicago Bears',3,''),(592,'2013-08-21 04:38:17',1,12,'976','2013-12-08 18:30:00-07:00 - Atlanta Falcons at Green Bay Packers',3,''),(593,'2013-08-21 04:38:17',1,12,'975','2013-12-08 14:25:00-07:00 - St. Louis Rams at Arizona Cardinals',3,''),(594,'2013-08-21 04:38:17',1,12,'974','2013-12-08 14:25:00-07:00 - Seattle Seahawks at San Francisco 49ers',3,''),(595,'2013-08-21 04:38:17',1,12,'973','2013-12-08 14:25:00-07:00 - New York Giants at San Diego Chargers',3,''),(596,'2013-08-21 04:38:17',1,12,'972','2013-12-08 14:05:00-07:00 - Tennessee Titans at Denver Broncos',3,''),(597,'2013-08-21 04:38:17',1,12,'971','2013-12-08 11:00:00-07:00 - Miami Dolphins at Pittsburgh Steelers',3,''),(598,'2013-08-21 04:38:17',1,12,'970','2013-12-08 11:00:00-07:00 - Detroit Lions at Philadelphia Eagles',3,''),(599,'2013-08-21 04:38:17',1,12,'969','2013-12-08 11:00:00-07:00 - Oakland Raiders at New York Jets',3,''),(600,'2013-08-21 04:38:17',1,12,'968','2013-12-08 11:00:00-07:00 - Carolina Panthers at New Orleans Saints',3,''),(601,'2013-08-21 04:38:17',1,12,'967','2013-12-08 11:00:00-07:00 - Cleveland Browns at New England Patriots',3,''),(602,'2013-08-21 04:38:17',1,12,'966','2013-12-08 11:00:00-07:00 - Minnesota Vikings at Baltimore Ravens',3,''),(603,'2013-08-21 04:38:17',1,12,'965','2013-12-08 11:00:00-07:00 - Kansas City Chiefs at Washington Redskins',3,''),(604,'2013-08-21 04:38:17',1,12,'964','2013-12-08 11:00:00-07:00 - Buffalo Bills at Tampa Bay Buccaneers',3,''),(605,'2013-08-21 04:38:17',1,12,'963','2013-12-08 11:00:00-07:00 - Indianapolis Colts at Cincinnati Bengals',3,''),(606,'2013-08-21 04:38:17',1,12,'962','2013-12-05 18:25:00-07:00 - Houston Texans at Jacksonville Jaguars',3,''),(607,'2013-08-21 04:38:17',1,12,'961','2013-12-02 18:30:00-07:00 - New Orleans Saints at Seattle Seahawks',3,''),(608,'2013-08-21 04:38:17',1,12,'960','2013-12-01 18:30:00-07:00 - New York Giants at Washington Redskins',3,''),(609,'2013-08-21 04:38:17',1,12,'959','2013-12-01 14:25:00-07:00 - Cincinnati Bengals at San Diego Chargers',3,''),(610,'2013-08-21 04:38:17',1,12,'958','2013-12-01 14:25:00-07:00 - New England Patriots at Houston Texans',3,''),(611,'2013-08-21 04:38:17',1,12,'957','2013-12-01 14:05:00-07:00 - St. Louis Rams at San Francisco 49ers',3,''),(612,'2013-08-21 04:38:17',1,12,'956','2013-12-01 14:05:00-07:00 - Atlanta Falcons at Buffalo Bills',3,''),(613,'2013-08-21 04:38:17',1,12,'955','2013-12-01 11:00:00-07:00 - Arizona Cardinals at Philadelphia Eagles',3,''),(614,'2013-08-21 04:38:17',1,12,'954','2013-12-01 11:00:00-07:00 - Miami Dolphins at New York Jets',3,''),(615,'2013-08-21 04:38:17',1,12,'953','2013-12-01 11:00:00-07:00 - Chicago Bears at Minnesota Vikings',3,''),(616,'2013-08-21 04:38:17',1,12,'952','2013-12-01 11:00:00-07:00 - Denver Broncos at Kansas City Chiefs',3,''),(617,'2013-08-21 04:38:17',1,12,'951','2013-12-01 11:00:00-07:00 - Tennessee Titans at Indianapolis Colts',3,''),(618,'2013-08-21 04:38:17',1,12,'950','2013-12-01 11:00:00-07:00 - Jacksonville Jaguars at Cleveland Browns',3,''),(619,'2013-08-21 04:38:17',1,12,'949','2013-12-01 11:00:00-07:00 - Tampa Bay Buccaneers at Carolina Panthers',3,''),(620,'2013-08-21 04:38:17',1,12,'948','2013-11-28 18:30:00-07:00 - Pittsburgh Steelers at Baltimore Ravens',3,''),(621,'2013-08-21 04:38:17',1,12,'947','2013-11-28 14:30:00-07:00 - Oakland Raiders at Dallas Cowboys',3,''),(622,'2013-08-21 04:38:17',1,12,'946','2013-11-27 22:30:00-07:00 - Green Bay Packers at Detroit Lions',3,''),(623,'2013-08-21 04:38:17',1,12,'945','2013-11-25 18:30:00-07:00 - San Francisco 49ers at Washington Redskins',3,''),(624,'2013-08-21 04:38:17',1,12,'944','2013-11-24 18:30:00-07:00 - Denver Broncos at New England Patriots',3,''),(625,'2013-08-21 04:38:17',1,12,'943','2013-11-24 14:25:00-07:00 - Dallas Cowboys at New York Giants',3,''),(626,'2013-08-21 04:38:17',1,12,'942','2013-11-24 14:05:00-07:00 - Tennessee Titans at Oakland Raiders',3,''),(627,'2013-08-21 04:38:17',1,12,'941','2013-11-24 14:05:00-07:00 - Indianapolis Colts at Arizona Cardinals',3,''),(628,'2013-08-21 04:38:17',1,12,'940','2013-11-24 11:00:00-07:00 - Jacksonville Jaguars at Houston Texans',3,''),(629,'2013-08-21 04:38:17',1,12,'939','2013-11-24 11:00:00-07:00 - New York Jets at Baltimore Ravens',3,''),(630,'2013-08-21 04:38:17',1,12,'938','2013-11-24 11:00:00-07:00 - Carolina Panthers at Miami Dolphins',3,''),(631,'2013-08-21 04:38:17',1,12,'937','2013-11-24 11:00:00-07:00 - Chicago Bears at St. Louis Rams',3,''),(632,'2013-08-21 04:38:17',1,12,'936','2013-11-24 11:00:00-07:00 - San Diego Chargers at Kansas City Chiefs',3,''),(633,'2013-08-21 04:38:17',1,12,'935','2013-11-24 11:00:00-07:00 - Minnesota Vikings at Green Bay Packers',3,''),(634,'2013-08-21 04:38:17',1,12,'934','2013-11-24 11:00:00-07:00 - Tampa Bay Buccaneers at Detroit Lions',3,''),(635,'2013-08-21 04:38:17',1,12,'933','2013-11-24 11:00:00-07:00 - Pittsburgh Steelers at Cleveland Browns',3,''),(636,'2013-08-21 04:38:17',1,12,'932','2013-11-21 18:25:00-07:00 - New Orleans Saints at Atlanta Falcons',3,''),(637,'2013-08-21 04:38:17',1,12,'931','2013-11-18 18:30:00-07:00 - New England Patriots at Carolina Panthers',3,''),(638,'2013-08-21 04:38:17',1,12,'930','2013-11-17 18:30:00-07:00 - Green Bay Packers at New York Giants',3,''),(639,'2013-08-21 04:38:17',1,12,'929','2013-11-17 14:25:00-07:00 - San Francisco 49ers at New Orleans Saints',3,''),(640,'2013-08-21 04:38:17',1,12,'928','2013-11-17 14:25:00-07:00 - Minnesota Vikings at Seattle Seahawks',3,''),(641,'2013-08-21 04:38:17',1,12,'927','2013-11-17 14:05:00-07:00 - Kansas City Chiefs at Denver Broncos',3,''),(642,'2013-08-21 04:38:17',1,12,'926','2013-11-17 11:00:00-07:00 - Detroit Lions at Pittsburgh Steelers',3,''),(643,'2013-08-21 04:38:26',1,12,'925','2013-11-17 11:00:00-07:00 - Washington Redskins at Philadelphia Eagles',3,''),(644,'2013-08-21 04:38:26',1,12,'924','2013-11-17 11:00:00-07:00 - San Diego Chargers at Miami Dolphins',3,''),(645,'2013-08-21 04:38:26',1,12,'923','2013-11-17 11:00:00-07:00 - Oakland Raiders at Houston Texans',3,''),(646,'2013-08-21 04:38:26',1,12,'922','2013-11-17 11:00:00-07:00 - Arizona Cardinals at Jacksonville Jaguars',3,''),(647,'2013-08-21 04:38:26',1,12,'921','2013-11-17 11:00:00-07:00 - Atlanta Falcons at Tampa Bay Buccaneers',3,''),(648,'2013-08-21 04:38:26',1,12,'920','2013-11-17 11:00:00-07:00 - Cleveland Browns at Cincinnati Bengals',3,''),(649,'2013-08-21 04:38:26',1,12,'919','2013-11-17 11:00:00-07:00 - Baltimore Ravens at Chicago Bears',3,''),(650,'2013-08-21 04:38:26',1,12,'918','2013-11-17 11:00:00-07:00 - New York Jets at Buffalo Bills',3,''),(651,'2013-08-21 04:38:26',1,12,'917','2013-11-14 18:25:00-07:00 - Indianapolis Colts at Tennessee Titans',3,''),(652,'2013-08-21 04:38:26',1,12,'916','2013-11-11 18:30:00-07:00 - Miami Dolphins at Tampa Bay Buccaneers',3,''),(653,'2013-08-21 04:38:26',1,12,'915','2013-11-10 18:30:00-07:00 - Dallas Cowboys at New Orleans Saints',3,''),(654,'2013-08-21 04:38:26',1,12,'914','2013-11-10 14:25:00-07:00 - Houston Texans at Arizona Cardinals',3,''),(655,'2013-08-21 04:38:26',1,12,'913','2013-11-10 14:25:00-07:00 - Denver Broncos at San Diego Chargers',3,''),(656,'2013-08-21 04:38:26',1,12,'912','2013-11-10 14:05:00-07:00 - Carolina Panthers at San Francisco 49ers',3,''),(657,'2013-08-21 04:38:26',1,12,'911','2013-11-10 11:00:00-07:00 - Cincinnati Bengals at Baltimore Ravens',3,''),(658,'2013-08-21 04:38:26',1,12,'910','2013-11-10 11:00:00-07:00 - Buffalo Bills at Pittsburgh Steelers',3,''),(659,'2013-08-21 04:38:26',1,12,'909','2013-11-10 11:00:00-07:00 - Oakland Raiders at New York Giants',3,''),(660,'2013-08-21 04:38:26',1,12,'908','2013-11-10 11:00:00-07:00 - St. Louis Rams at Indianapolis Colts',3,''),(661,'2013-08-21 04:38:26',1,12,'907','2013-11-10 11:00:00-07:00 - Jacksonville Jaguars at Tennessee Titans',3,''),(662,'2013-08-21 04:38:26',1,12,'906','2013-11-10 11:00:00-07:00 - Philadelphia Eagles at Green Bay Packers',3,''),(663,'2013-08-21 04:38:26',1,12,'905','2013-11-10 11:00:00-07:00 - Detroit Lions at Chicago Bears',3,''),(664,'2013-08-21 04:38:26',1,12,'904','2013-11-10 11:00:00-07:00 - Seattle Seahawks at Atlanta Falcons',3,''),(665,'2013-08-21 04:38:26',1,12,'903','2013-11-07 18:25:00-07:00 - Washington Redskins at Minnesota Vikings',3,''),(666,'2013-08-21 04:38:26',1,12,'902','2013-11-04 18:30:00-07:00 - Chicago Bears at Green Bay Packers',3,''),(667,'2013-08-21 04:38:26',1,12,'901','2013-11-03 18:30:00-07:00 - Indianapolis Colts at Houston Texans',3,''),(668,'2013-08-21 04:38:26',1,12,'900','2013-11-03 14:25:00-07:00 - Baltimore Ravens at Cleveland Browns',3,''),(669,'2013-08-21 04:38:26',1,12,'899','2013-11-03 14:25:00-07:00 - Pittsburgh Steelers at New England Patriots',3,''),(670,'2013-08-21 04:38:26',1,12,'898','2013-11-03 14:05:00-07:00 - Philadelphia Eagles at Oakland Raiders',3,''),(671,'2013-08-21 04:38:26',1,12,'897','2013-11-03 14:05:00-07:00 - Tampa Bay Buccaneers at Seattle Seahawks',3,''),(672,'2013-08-21 04:38:26',1,12,'896','2013-11-03 11:00:00-07:00 - New Orleans Saints at New York Jets',3,''),(673,'2013-08-21 04:38:26',1,12,'895','2013-11-03 11:00:00-07:00 - Tennessee Titans at St. Louis Rams',3,''),(674,'2013-08-21 04:38:26',1,12,'894','2013-11-03 11:00:00-07:00 - Minnesota Vikings at Dallas Cowboys',3,''),(675,'2013-08-21 04:38:26',1,12,'893','2013-11-03 11:00:00-07:00 - Atlanta Falcons at Carolina Panthers',3,''),(676,'2013-08-21 04:38:26',1,12,'892','2013-11-03 11:00:00-07:00 - San Diego Chargers at Washington Redskins',3,''),(677,'2013-08-21 04:38:26',1,12,'891','2013-11-03 11:00:00-07:00 - Kansas City Chiefs at Buffalo Bills',3,''),(678,'2013-08-21 04:38:26',1,12,'890','2013-10-31 19:25:00-06:00 - Cincinnati Bengals at Miami Dolphins',3,''),(679,'2013-08-21 04:38:26',1,12,'889','2013-10-28 19:30:00-06:00 - Seattle Seahawks at St. Louis Rams',3,''),(680,'2013-08-21 04:38:26',1,12,'888','2013-10-27 19:30:00-06:00 - Green Bay Packers at Minnesota Vikings',3,''),(681,'2013-08-21 04:38:26',1,12,'887','2013-10-27 15:25:00-06:00 - Atlanta Falcons at Arizona Cardinals',3,''),(682,'2013-08-21 04:38:26',1,12,'886','2013-10-27 15:25:00-06:00 - Washington Redskins at Denver Broncos',3,''),(683,'2013-08-21 04:38:26',1,12,'885','2013-10-27 15:05:00-06:00 - New York Jets at Cincinnati Bengals',3,''),(684,'2013-08-21 04:38:26',1,12,'884','2013-10-27 15:05:00-06:00 - Pittsburgh Steelers at Oakland Raiders',3,''),(685,'2013-08-21 04:38:26',1,12,'883','2013-10-27 12:00:00-06:00 - San Francisco 49ers at Jacksonville Jaguars',3,''),(686,'2013-08-21 04:38:26',1,12,'882','2013-10-27 12:00:00-06:00 - New York Giants at Philadelphia Eagles',3,''),(687,'2013-08-21 04:38:26',1,12,'881','2013-10-27 12:00:00-06:00 - Buffalo Bills at New Orleans Saints',3,''),(688,'2013-08-21 04:38:26',1,12,'880','2013-10-27 12:00:00-06:00 - Miami Dolphins at New England Patriots',3,''),(689,'2013-08-21 04:38:26',1,12,'879','2013-10-27 12:00:00-06:00 - Cleveland Browns at Kansas City Chiefs',3,''),(690,'2013-08-21 04:38:26',1,12,'878','2013-10-27 12:00:00-06:00 - Dallas Cowboys at Detroit Lions',3,''),(691,'2013-08-21 04:38:26',1,12,'877','2013-10-24 19:25:00-06:00 - Carolina Panthers at Tampa Bay Buccaneers',3,''),(692,'2013-08-21 04:38:26',1,12,'876','2013-10-21 19:30:00-06:00 - Minnesota Vikings at New York Giants',3,''),(693,'2013-08-21 04:38:26',1,12,'875','2013-10-20 19:30:00-06:00 - Denver Broncos at Indianapolis Colts',3,''),(694,'2013-08-21 04:38:26',1,12,'874','2013-10-20 15:25:00-06:00 - Cleveland Browns at Green Bay Packers',3,''),(695,'2013-08-21 04:38:26',1,12,'873','2013-10-20 15:25:00-06:00 - Baltimore Ravens at Pittsburgh Steelers',3,''),(696,'2013-08-21 04:38:26',1,12,'872','2013-10-20 15:05:00-06:00 - San Francisco 49ers at Tennessee Titans',3,''),(697,'2013-08-21 04:38:26',1,12,'871','2013-10-20 12:00:00-06:00 - San Diego Chargers at Jacksonville Jaguars',3,''),(698,'2013-08-21 04:38:26',1,12,'870','2013-10-20 12:00:00-06:00 - St. Louis Rams at Carolina Panthers',3,''),(699,'2013-08-21 04:38:26',1,12,'869','2013-10-20 12:00:00-06:00 - Chicago Bears at Washington Redskins',3,''),(700,'2013-08-21 04:38:26',1,12,'868','2013-10-20 12:00:00-06:00 - Dallas Cowboys at Philadelphia Eagles',3,''),(701,'2013-08-21 04:38:26',1,12,'867','2013-10-20 12:00:00-06:00 - New England Patriots at New York Jets',3,''),(702,'2013-08-21 04:38:26',1,12,'866','2013-10-20 12:00:00-06:00 - Buffalo Bills at Miami Dolphins',3,''),(703,'2013-08-21 04:38:26',1,12,'865','2013-10-20 12:00:00-06:00 - Houston Texans at Kansas City Chiefs',3,''),(704,'2013-08-21 04:38:26',1,12,'864','2013-10-20 12:00:00-06:00 - Cincinnati Bengals at Detroit Lions',3,''),(705,'2013-08-21 04:38:26',1,12,'863','2013-10-20 12:00:00-06:00 - Tampa Bay Buccaneers at Atlanta Falcons',3,''),(706,'2013-08-21 04:38:26',1,12,'862','2013-10-17 19:25:00-06:00 - Seattle Seahawks at Arizona Cardinals',3,''),(707,'2013-08-21 04:38:26',1,12,'861','2013-10-14 19:30:00-06:00 - Indianapolis Colts at San Diego Chargers',3,''),(708,'2013-08-21 04:38:26',1,12,'860','2013-10-13 19:30:00-06:00 - Washington Redskins at Dallas Cowboys',3,''),(709,'2013-08-21 04:38:26',1,12,'859','2013-10-13 15:25:00-06:00 - Arizona Cardinals at San Francisco 49ers',3,''),(710,'2013-08-21 04:38:26',1,12,'858','2013-10-13 15:25:00-06:00 - New Orleans Saints at New England Patriots',3,''),(711,'2013-08-21 04:38:26',1,12,'857','2013-10-13 15:05:00-06:00 - Tennessee Titans at Seattle Seahawks',3,''),(712,'2013-08-21 04:38:26',1,12,'856','2013-10-13 15:05:00-06:00 - Jacksonville Jaguars at Denver Broncos',3,''),(713,'2013-08-21 04:38:26',1,12,'855','2013-10-13 12:00:00-06:00 - Pittsburgh Steelers at New York Jets',3,''),(714,'2013-08-21 04:38:26',1,12,'854','2013-10-13 12:00:00-06:00 - St. Louis Rams at Houston Texans',3,''),(715,'2013-08-21 04:38:26',1,12,'853','2013-10-13 12:00:00-06:00 - Green Bay Packers at Baltimore Ravens',3,''),(716,'2013-08-21 04:38:26',1,12,'852','2013-10-13 12:00:00-06:00 - Philadelphia Eagles at Tampa Bay Buccaneers',3,''),(717,'2013-08-21 04:38:26',1,12,'851','2013-10-13 12:00:00-06:00 - Carolina Panthers at Minnesota Vikings',3,''),(718,'2013-08-21 04:38:26',1,12,'850','2013-10-13 12:00:00-06:00 - Oakland Raiders at Kansas City Chiefs',3,''),(719,'2013-08-21 04:38:26',1,12,'849','2013-10-13 12:00:00-06:00 - Detroit Lions at Cleveland Browns',3,''),(720,'2013-08-21 04:38:26',1,12,'848','2013-10-13 12:00:00-06:00 - Cincinnati Bengals at Buffalo Bills',3,''),(721,'2013-08-21 04:38:26',1,12,'847','2013-10-10 19:25:00-06:00 - New York Giants at Chicago Bears',3,''),(722,'2013-08-21 04:38:26',1,12,'846','2013-10-07 19:30:00-06:00 - New York Jets at Atlanta Falcons',3,''),(723,'2013-08-21 04:38:26',1,12,'845','2013-10-06 19:30:00-06:00 - Houston Texans at San Francisco 49ers',3,''),(724,'2013-08-21 04:38:26',1,12,'844','2013-10-06 15:25:00-06:00 - San Diego Chargers at Oakland Raiders',3,''),(725,'2013-08-21 04:38:26',1,12,'843','2013-10-06 15:25:00-06:00 - Denver Broncos at Dallas Cowboys',3,''),(726,'2013-08-21 04:38:26',1,12,'842','2013-10-06 15:05:00-06:00 - Carolina Panthers at Arizona Cardinals',3,''),(727,'2013-08-21 04:38:26',1,12,'841','2013-10-06 12:00:00-06:00 - Seattle Seahawks at Indianapolis Colts',3,''),(728,'2013-08-21 04:38:26',1,12,'840','2013-10-06 12:00:00-06:00 - Kansas City Chiefs at Tennessee Titans',3,''),(729,'2013-08-21 04:38:26',1,12,'839','2013-10-06 12:00:00-06:00 - Detroit Lions at Green Bay Packers',3,''),(730,'2013-08-21 04:38:26',1,12,'838','2013-10-06 12:00:00-06:00 - Philadelphia Eagles at New York Giants',3,''),(731,'2013-08-21 04:38:26',1,12,'837','2013-10-06 12:00:00-06:00 - Baltimore Ravens at Miami Dolphins',3,''),(732,'2013-08-21 04:38:26',1,12,'836','2013-10-06 12:00:00-06:00 - Jacksonville Jaguars at St. Louis Rams',3,''),(733,'2013-08-21 04:38:26',1,12,'835','2013-10-06 12:00:00-06:00 - New England Patriots at Cincinnati Bengals',3,''),(734,'2013-08-21 04:38:26',1,12,'834','2013-10-06 12:00:00-06:00 - New Orleans Saints at Chicago Bears',3,''),(735,'2013-08-21 04:38:26',1,12,'833','2013-10-03 19:25:00-06:00 - Buffalo Bills at Cleveland Browns',3,''),(736,'2013-08-21 04:38:26',1,12,'832','2013-09-30 19:30:00-06:00 - Miami Dolphins at New Orleans Saints',3,''),(737,'2013-08-21 04:38:26',1,12,'831','2013-09-29 19:30:00-06:00 - New England Patriots at Atlanta Falcons',3,''),(738,'2013-08-21 04:38:26',1,12,'830','2013-09-29 15:25:00-06:00 - Washington Redskins at Oakland Raiders',3,''),(739,'2013-08-21 04:38:26',1,12,'829','2013-09-29 15:25:00-06:00 - Dallas Cowboys at San Diego Chargers',3,''),(740,'2013-08-21 04:38:26',1,12,'828','2013-09-29 15:25:00-06:00 - Philadelphia Eagles at Denver Broncos',3,''),(741,'2013-08-21 04:38:26',1,12,'827','2013-09-29 15:05:00-06:00 - New York Jets at Tennessee Titans',3,''),(742,'2013-08-21 04:38:26',1,12,'826','2013-09-29 12:00:00-06:00 - Seattle Seahawks at Houston Texans',3,''),(743,'2013-08-21 04:38:32',1,12,'825','2013-09-29 12:00:00-06:00 - Indianapolis Colts at Jacksonville Jaguars',3,''),(744,'2013-08-21 04:38:32',1,12,'824','2013-09-29 12:00:00-06:00 - Arizona Cardinals at Tampa Bay Buccaneers',3,''),(745,'2013-08-21 04:38:32',1,12,'823','2013-09-29 12:00:00-06:00 - Pittsburgh Steelers at Minnesota Vikings',3,''),(746,'2013-08-21 04:38:32',1,12,'822','2013-09-29 12:00:00-06:00 - New York Giants at Kansas City Chiefs',3,''),(747,'2013-08-21 04:38:32',1,12,'821','2013-09-29 12:00:00-06:00 - Chicago Bears at Detroit Lions',3,''),(748,'2013-08-21 04:38:32',1,12,'820','2013-09-29 12:00:00-06:00 - Cincinnati Bengals at Cleveland Browns',3,''),(749,'2013-08-21 04:38:32',1,12,'819','2013-09-29 12:00:00-06:00 - Baltimore Ravens at Buffalo Bills',3,''),(750,'2013-08-21 04:38:32',1,12,'818','2013-09-26 19:25:00-06:00 - San Francisco 49ers at St. Louis Rams',3,''),(751,'2013-08-21 04:38:32',1,12,'817','2013-09-23 19:30:00-06:00 - Oakland Raiders at Denver Broncos',3,''),(752,'2013-08-21 04:38:32',1,12,'816','2013-09-22 19:30:00-06:00 - Chicago Bears at Pittsburgh Steelers',3,''),(753,'2013-08-21 04:38:32',1,12,'815','2013-09-22 15:25:00-06:00 - Jacksonville Jaguars at Seattle Seahawks',3,''),(754,'2013-08-21 04:38:32',1,12,'814','2013-09-22 15:25:00-06:00 - Indianapolis Colts at San Francisco 49ers',3,''),(755,'2013-08-21 04:38:32',1,12,'813','2013-09-22 15:25:00-06:00 - Buffalo Bills at New York Jets',3,''),(756,'2013-08-21 04:38:32',1,12,'812','2013-09-22 15:05:00-06:00 - Atlanta Falcons at Miami Dolphins',3,''),(757,'2013-08-21 04:38:32',1,12,'811','2013-09-22 12:00:00-06:00 - Houston Texans at Baltimore Ravens',3,''),(758,'2013-08-21 04:38:32',1,12,'810','2013-09-22 12:00:00-06:00 - New York Giants at Carolina Panthers',3,''),(759,'2013-08-21 04:38:32',1,12,'809','2013-09-22 12:00:00-06:00 - Detroit Lions at Washington Redskins',3,''),(760,'2013-08-21 04:38:32',1,12,'808','2013-09-22 12:00:00-06:00 - Arizona Cardinals at New Orleans Saints',3,''),(761,'2013-08-21 04:38:32',1,12,'807','2013-09-22 12:00:00-06:00 - Tampa Bay Buccaneers at New England Patriots',3,''),(762,'2013-08-21 04:38:32',1,12,'806','2013-09-22 12:00:00-06:00 - Cleveland Browns at Minnesota Vikings',3,''),(763,'2013-08-21 04:38:32',1,12,'805','2013-09-22 12:00:00-06:00 - San Diego Chargers at Tennessee Titans',3,''),(764,'2013-08-21 04:38:32',1,12,'804','2013-09-22 12:00:00-06:00 - St. Louis Rams at Dallas Cowboys',3,''),(765,'2013-08-21 04:38:32',1,12,'803','2013-09-22 12:00:00-06:00 - Green Bay Packers at Cincinnati Bengals',3,''),(766,'2013-08-21 04:38:32',1,12,'802','2013-09-19 19:25:00-06:00 - Kansas City Chiefs at Philadelphia Eagles',3,''),(767,'2013-08-21 04:38:32',1,12,'801','2013-09-16 19:30:00-06:00 - Pittsburgh Steelers at Cincinnati Bengals',3,''),(768,'2013-08-21 04:38:32',1,12,'800','2013-09-15 19:30:00-06:00 - San Francisco 49ers at Seattle Seahawks',3,''),(769,'2013-08-21 04:38:32',1,12,'799','2013-09-15 15:25:00-06:00 - Denver Broncos at New York Giants',3,''),(770,'2013-08-21 04:38:32',1,12,'798','2013-09-15 15:25:00-06:00 - Jacksonville Jaguars at Oakland Raiders',3,''),(771,'2013-08-21 04:38:32',1,12,'797','2013-09-15 15:05:00-06:00 - New Orleans Saints at Tampa Bay Buccaneers',3,''),(772,'2013-08-21 04:38:32',1,12,'796','2013-09-15 15:05:00-06:00 - Detroit Lions at Arizona Cardinals',3,''),(773,'2013-08-21 04:38:32',1,12,'795','2013-09-15 12:00:00-06:00 - San Diego Chargers at Philadelphia Eagles',3,''),(774,'2013-08-21 04:38:32',1,12,'794','2013-09-15 12:00:00-06:00 - Tennessee Titans at Houston Texans',3,''),(775,'2013-08-21 04:38:32',1,12,'793','2013-09-15 12:00:00-06:00 - Cleveland Browns at Baltimore Ravens',3,''),(776,'2013-08-21 04:38:32',1,12,'792','2013-09-15 12:00:00-06:00 - Dallas Cowboys at Kansas City Chiefs',3,''),(777,'2013-08-21 04:38:32',1,12,'791','2013-09-15 12:00:00-06:00 - Miami Dolphins at Indianapolis Colts',3,''),(778,'2013-08-21 04:38:32',1,12,'790','2013-09-15 12:00:00-06:00 - Washington Redskins at Green Bay Packers',3,''),(779,'2013-08-21 04:38:32',1,12,'789','2013-09-15 12:00:00-06:00 - Minnesota Vikings at Chicago Bears',3,''),(780,'2013-08-21 04:38:32',1,12,'788','2013-09-15 12:00:00-06:00 - Carolina Panthers at Buffalo Bills',3,''),(781,'2013-08-21 04:38:32',1,12,'787','2013-09-15 12:00:00-06:00 - St. Louis Rams at Atlanta Falcons',3,''),(782,'2013-08-21 04:38:32',1,12,'786','2013-09-12 19:25:00-06:00 - New York Jets at New England Patriots',3,''),(783,'2013-08-21 04:38:32',1,12,'785','2013-09-09 21:15:00-06:00 - Houston Texans at San Diego Chargers',3,''),(784,'2013-08-21 04:38:32',1,12,'784','2013-09-09 18:00:00-06:00 - Philadelphia Eagles at Washington Redskins',3,''),(785,'2013-08-21 04:38:32',1,12,'783','2013-09-08 19:30:00-06:00 - New York Giants at Dallas Cowboys',3,''),(786,'2013-08-21 04:38:32',1,12,'782','2013-09-08 15:25:00-06:00 - Green Bay Packers at San Francisco 49ers',3,''),(787,'2013-08-21 04:38:32',1,12,'781','2013-09-08 15:25:00-06:00 - Arizona Cardinals at St. Louis Rams',3,''),(788,'2013-08-21 04:38:32',1,12,'780','2013-09-08 12:00:00-06:00 - Kansas City Chiefs at Jacksonville Jaguars',3,''),(789,'2013-08-21 04:38:32',1,12,'779','2013-09-08 12:00:00-06:00 - Seattle Seahawks at Carolina Panthers',3,''),(790,'2013-08-21 04:38:32',1,12,'778','2013-09-08 12:00:00-06:00 - Oakland Raiders at Indianapolis Colts',3,''),(791,'2013-08-21 04:38:32',1,12,'777','2013-09-08 12:00:00-06:00 - Minnesota Vikings at Detroit Lions',3,''),(792,'2013-08-21 04:38:32',1,12,'776','2013-09-08 12:00:00-06:00 - Tennessee Titans at Pittsburgh Steelers',3,''),(793,'2013-08-21 04:38:32',1,12,'775','2013-09-08 12:00:00-06:00 - Tampa Bay Buccaneers at New York Jets',3,''),(794,'2013-08-21 04:38:32',1,12,'774','2013-09-08 12:00:00-06:00 - Atlanta Falcons at New Orleans Saints',3,''),(795,'2013-08-21 04:38:32',1,12,'773','2013-09-08 12:00:00-06:00 - Miami Dolphins at Cleveland Browns',3,''),(796,'2013-08-21 04:38:32',1,12,'772','2013-09-08 12:00:00-06:00 - Cincinnati Bengals at Chicago Bears',3,''),(797,'2013-08-21 04:38:32',1,12,'771','2013-09-08 12:00:00-06:00 - New England Patriots at Buffalo Bills',3,''),(798,'2013-08-21 04:38:32',1,12,'770','2013-09-05 19:30:00-06:00 - Baltimore Ravens at Denver Broncos',3,''),(799,'2013-08-21 04:38:32',1,12,'769','2013-12-29 14:25:00-07:00 - Denver Broncos at Oakland Raiders',3,''),(800,'2013-08-21 04:38:32',1,12,'768','2013-12-29 14:25:00-07:00 - St. Louis Rams at Seattle Seahawks',3,''),(801,'2013-08-21 04:38:32',1,12,'767','2013-12-29 14:25:00-07:00 - Kansas City Chiefs at San Diego Chargers',3,''),(802,'2013-08-21 04:38:32',1,12,'766','2013-12-29 14:25:00-07:00 - San Francisco 49ers at Arizona Cardinals',3,''),(803,'2013-08-21 04:38:32',1,12,'765','2013-12-29 11:00:00-07:00 - Washington Redskins at New York Giants',3,''),(804,'2013-08-21 04:38:32',1,12,'764','2013-12-29 11:00:00-07:00 - Tampa Bay Buccaneers at New Orleans Saints',3,''),(805,'2013-08-21 04:38:32',1,12,'763','2013-12-29 11:00:00-07:00 - Buffalo Bills at New England Patriots',3,''),(806,'2013-08-21 04:38:32',1,12,'762','2013-12-29 11:00:00-07:00 - Detroit Lions at Minnesota Vikings',3,''),(807,'2013-08-21 04:38:32',1,12,'761','2013-12-29 11:00:00-07:00 - New York Jets at Miami Dolphins',3,''),(808,'2013-08-21 04:38:32',1,12,'760','2013-12-29 11:00:00-07:00 - Cleveland Browns at Pittsburgh Steelers',3,''),(809,'2013-08-21 04:38:32',1,12,'759','2013-12-29 11:00:00-07:00 - Jacksonville Jaguars at Indianapolis Colts',3,''),(810,'2013-08-21 04:38:32',1,12,'758','2013-12-29 11:00:00-07:00 - Houston Texans at Tennessee Titans',3,''),(811,'2013-08-21 04:38:32',1,12,'757','2013-12-29 11:00:00-07:00 - Philadelphia Eagles at Dallas Cowboys',3,''),(812,'2013-08-21 04:38:32',1,12,'756','2013-12-29 11:00:00-07:00 - Baltimore Ravens at Cincinnati Bengals',3,''),(813,'2013-08-21 04:38:32',1,12,'755','2013-12-29 11:00:00-07:00 - Green Bay Packers at Chicago Bears',3,''),(814,'2013-08-21 04:38:32',1,12,'754','2013-12-29 11:00:00-07:00 - Carolina Panthers at Atlanta Falcons',3,''),(815,'2013-08-21 04:38:32',1,12,'753','2013-12-23 18:30:00-07:00 - Atlanta Falcons at San Francisco 49ers',3,''),(816,'2013-08-21 04:38:32',1,12,'752','2013-12-22 18:30:00-07:00 - New England Patriots at Baltimore Ravens',3,''),(817,'2013-08-21 04:38:32',1,12,'751','2013-12-22 14:25:00-07:00 - Oakland Raiders at San Diego Chargers',3,''),(818,'2013-08-21 04:38:32',1,12,'750','2013-12-22 14:25:00-07:00 - Pittsburgh Steelers at Green Bay Packers',3,''),(819,'2013-08-21 04:38:32',1,12,'749','2013-12-22 14:05:00-07:00 - New York Giants at Detroit Lions',3,''),(820,'2013-08-21 04:38:32',1,12,'748','2013-12-22 14:05:00-07:00 - Arizona Cardinals at Seattle Seahawks',3,''),(821,'2013-08-21 04:38:32',1,12,'747','2013-12-22 11:00:00-07:00 - Denver Broncos at Houston Texans',3,''),(822,'2013-08-21 04:38:32',1,12,'746','2013-12-22 11:00:00-07:00 - Tennessee Titans at Jacksonville Jaguars',3,''),(823,'2013-08-21 04:38:32',1,12,'745','2013-12-22 11:00:00-07:00 - New Orleans Saints at Carolina Panthers',3,''),(824,'2013-08-21 04:38:32',1,12,'744','2013-12-22 11:00:00-07:00 - Dallas Cowboys at Washington Redskins',3,''),(825,'2013-08-21 04:38:32',1,12,'743','2013-12-22 11:00:00-07:00 - Chicago Bears at Philadelphia Eagles',3,''),(826,'2013-08-21 04:38:32',1,12,'742','2013-12-22 11:00:00-07:00 - Cleveland Browns at New York Jets',3,''),(827,'2013-08-21 04:38:32',1,12,'741','2013-12-22 11:00:00-07:00 - Tampa Bay Buccaneers at St. Louis Rams',3,''),(828,'2013-08-21 04:38:32',1,12,'740','2013-12-22 11:00:00-07:00 - Indianapolis Colts at Kansas City Chiefs',3,''),(829,'2013-08-21 04:38:32',1,12,'739','2013-12-22 11:00:00-07:00 - Minnesota Vikings at Cincinnati Bengals',3,''),(830,'2013-08-21 04:38:32',1,12,'738','2013-12-22 11:00:00-07:00 - Miami Dolphins at Buffalo Bills',3,''),(831,'2013-08-21 04:38:32',1,12,'737','2013-12-16 18:30:00-07:00 - Baltimore Ravens at Detroit Lions',3,''),(832,'2013-08-21 04:38:32',1,12,'736','2013-12-15 18:30:00-07:00 - Cincinnati Bengals at Pittsburgh Steelers',3,''),(833,'2013-08-21 04:38:32',1,12,'735','2013-12-15 14:25:00-07:00 - Green Bay Packers at Dallas Cowboys',3,''),(834,'2013-08-21 04:38:32',1,12,'734','2013-12-15 14:05:00-07:00 - Kansas City Chiefs at Oakland Raiders',3,''),(835,'2013-08-21 04:38:32',1,12,'733','2013-12-15 14:05:00-07:00 - New York Jets at Carolina Panthers',3,''),(836,'2013-08-21 04:38:32',1,12,'732','2013-12-15 11:00:00-07:00 - San Francisco 49ers at Tampa Bay Buccaneers',3,''),(837,'2013-08-21 04:38:32',1,12,'731','2013-12-15 11:00:00-07:00 - Buffalo Bills at Jacksonville Jaguars',3,''),(838,'2013-08-21 04:38:32',1,12,'730','2013-12-15 11:00:00-07:00 - Seattle Seahawks at New York Giants',3,''),(839,'2013-08-21 04:38:32',1,12,'729','2013-12-15 11:00:00-07:00 - Philadelphia Eagles at Minnesota Vikings',3,''),(840,'2013-08-21 04:38:32',1,12,'728','2013-12-15 11:00:00-07:00 - New England Patriots at Miami Dolphins',3,''),(841,'2013-08-21 04:38:32',1,12,'727','2013-12-15 11:00:00-07:00 - New Orleans Saints at St. Louis Rams',3,''),(842,'2013-08-21 04:38:32',1,12,'726','2013-12-15 11:00:00-07:00 - Houston Texans at Indianapolis Colts',3,''),(843,'2013-08-21 04:38:39',1,12,'725','2013-12-15 11:00:00-07:00 - Arizona Cardinals at Tennessee Titans',3,''),(844,'2013-08-21 04:38:39',1,12,'724','2013-12-15 11:00:00-07:00 - Chicago Bears at Cleveland Browns',3,''),(845,'2013-08-21 04:38:39',1,12,'723','2013-12-15 11:00:00-07:00 - Washington Redskins at Atlanta Falcons',3,''),(846,'2013-08-21 04:38:39',1,12,'722','2013-12-12 18:25:00-07:00 - San Diego Chargers at Denver Broncos',3,''),(847,'2013-08-21 04:38:39',1,12,'721','2013-12-09 18:30:00-07:00 - Dallas Cowboys at Chicago Bears',3,''),(848,'2013-08-21 04:38:39',1,12,'720','2013-12-08 18:30:00-07:00 - Atlanta Falcons at Green Bay Packers',3,''),(849,'2013-08-21 04:38:39',1,12,'719','2013-12-08 14:25:00-07:00 - St. Louis Rams at Arizona Cardinals',3,''),(850,'2013-08-21 04:38:39',1,12,'718','2013-12-08 14:25:00-07:00 - Seattle Seahawks at San Francisco 49ers',3,''),(851,'2013-08-21 04:38:39',1,12,'717','2013-12-08 14:25:00-07:00 - New York Giants at San Diego Chargers',3,''),(852,'2013-08-21 04:38:39',1,12,'716','2013-12-08 14:05:00-07:00 - Tennessee Titans at Denver Broncos',3,''),(853,'2013-08-21 04:38:39',1,12,'715','2013-12-08 11:00:00-07:00 - Miami Dolphins at Pittsburgh Steelers',3,''),(854,'2013-08-21 04:38:39',1,12,'714','2013-12-08 11:00:00-07:00 - Detroit Lions at Philadelphia Eagles',3,''),(855,'2013-08-21 04:38:39',1,12,'713','2013-12-08 11:00:00-07:00 - Oakland Raiders at New York Jets',3,''),(856,'2013-08-21 04:38:39',1,12,'712','2013-12-08 11:00:00-07:00 - Carolina Panthers at New Orleans Saints',3,''),(857,'2013-08-21 04:38:39',1,12,'711','2013-12-08 11:00:00-07:00 - Cleveland Browns at New England Patriots',3,''),(858,'2013-08-21 04:38:39',1,12,'710','2013-12-08 11:00:00-07:00 - Minnesota Vikings at Baltimore Ravens',3,''),(859,'2013-08-21 04:38:39',1,12,'709','2013-12-08 11:00:00-07:00 - Kansas City Chiefs at Washington Redskins',3,''),(860,'2013-08-21 04:38:39',1,12,'708','2013-12-08 11:00:00-07:00 - Buffalo Bills at Tampa Bay Buccaneers',3,''),(861,'2013-08-21 04:38:39',1,12,'707','2013-12-08 11:00:00-07:00 - Indianapolis Colts at Cincinnati Bengals',3,''),(862,'2013-08-21 04:38:39',1,12,'706','2013-12-05 18:25:00-07:00 - Houston Texans at Jacksonville Jaguars',3,''),(863,'2013-08-21 04:38:39',1,12,'705','2013-12-02 18:30:00-07:00 - New Orleans Saints at Seattle Seahawks',3,''),(864,'2013-08-21 04:38:39',1,12,'704','2013-12-01 18:30:00-07:00 - New York Giants at Washington Redskins',3,''),(865,'2013-08-21 04:38:39',1,12,'703','2013-12-01 14:25:00-07:00 - Cincinnati Bengals at San Diego Chargers',3,''),(866,'2013-08-21 04:38:39',1,12,'702','2013-12-01 14:25:00-07:00 - New England Patriots at Houston Texans',3,''),(867,'2013-08-21 04:38:39',1,12,'701','2013-12-01 14:05:00-07:00 - St. Louis Rams at San Francisco 49ers',3,''),(868,'2013-08-21 04:38:39',1,12,'700','2013-12-01 14:05:00-07:00 - Atlanta Falcons at Buffalo Bills',3,''),(869,'2013-08-21 04:38:39',1,12,'699','2013-12-01 11:00:00-07:00 - Arizona Cardinals at Philadelphia Eagles',3,''),(870,'2013-08-21 04:38:39',1,12,'698','2013-12-01 11:00:00-07:00 - Miami Dolphins at New York Jets',3,''),(871,'2013-08-21 04:38:39',1,12,'697','2013-12-01 11:00:00-07:00 - Chicago Bears at Minnesota Vikings',3,''),(872,'2013-08-21 04:38:39',1,12,'696','2013-12-01 11:00:00-07:00 - Denver Broncos at Kansas City Chiefs',3,''),(873,'2013-08-21 04:38:39',1,12,'695','2013-12-01 11:00:00-07:00 - Tennessee Titans at Indianapolis Colts',3,''),(874,'2013-08-21 04:38:39',1,12,'694','2013-12-01 11:00:00-07:00 - Jacksonville Jaguars at Cleveland Browns',3,''),(875,'2013-08-21 04:38:39',1,12,'693','2013-12-01 11:00:00-07:00 - Tampa Bay Buccaneers at Carolina Panthers',3,''),(876,'2013-08-21 04:38:39',1,12,'692','2013-11-28 18:30:00-07:00 - Pittsburgh Steelers at Baltimore Ravens',3,''),(877,'2013-08-21 04:38:39',1,12,'691','2013-11-28 14:30:00-07:00 - Oakland Raiders at Dallas Cowboys',3,''),(878,'2013-08-21 04:38:39',1,12,'690','2013-11-27 22:30:00-07:00 - Green Bay Packers at Detroit Lions',3,''),(879,'2013-08-21 04:38:39',1,12,'689','2013-11-25 18:30:00-07:00 - San Francisco 49ers at Washington Redskins',3,''),(880,'2013-08-21 04:38:39',1,12,'688','2013-11-24 18:30:00-07:00 - Denver Broncos at New England Patriots',3,''),(881,'2013-08-21 04:38:39',1,12,'687','2013-11-24 14:25:00-07:00 - Dallas Cowboys at New York Giants',3,''),(882,'2013-08-21 04:38:39',1,12,'686','2013-11-24 14:05:00-07:00 - Tennessee Titans at Oakland Raiders',3,''),(883,'2013-08-21 04:38:39',1,12,'685','2013-11-24 14:05:00-07:00 - Indianapolis Colts at Arizona Cardinals',3,''),(884,'2013-08-21 04:38:39',1,12,'684','2013-11-24 11:00:00-07:00 - Jacksonville Jaguars at Houston Texans',3,''),(885,'2013-08-21 04:38:39',1,12,'683','2013-11-24 11:00:00-07:00 - New York Jets at Baltimore Ravens',3,''),(886,'2013-08-21 04:38:39',1,12,'682','2013-11-24 11:00:00-07:00 - Carolina Panthers at Miami Dolphins',3,''),(887,'2013-08-21 04:38:39',1,12,'681','2013-11-24 11:00:00-07:00 - Chicago Bears at St. Louis Rams',3,''),(888,'2013-08-21 04:38:39',1,12,'680','2013-11-24 11:00:00-07:00 - San Diego Chargers at Kansas City Chiefs',3,''),(889,'2013-08-21 04:38:39',1,12,'679','2013-11-24 11:00:00-07:00 - Minnesota Vikings at Green Bay Packers',3,''),(890,'2013-08-21 04:38:39',1,12,'678','2013-11-24 11:00:00-07:00 - Tampa Bay Buccaneers at Detroit Lions',3,''),(891,'2013-08-21 04:38:39',1,12,'677','2013-11-24 11:00:00-07:00 - Pittsburgh Steelers at Cleveland Browns',3,''),(892,'2013-08-21 04:38:39',1,12,'676','2013-11-21 18:25:00-07:00 - New Orleans Saints at Atlanta Falcons',3,''),(893,'2013-08-21 04:38:39',1,12,'675','2013-11-18 18:30:00-07:00 - New England Patriots at Carolina Panthers',3,''),(894,'2013-08-21 04:38:39',1,12,'674','2013-11-17 18:30:00-07:00 - Green Bay Packers at New York Giants',3,''),(895,'2013-08-21 04:38:39',1,12,'673','2013-11-17 14:25:00-07:00 - San Francisco 49ers at New Orleans Saints',3,''),(896,'2013-08-21 04:38:39',1,12,'672','2013-11-17 14:25:00-07:00 - Minnesota Vikings at Seattle Seahawks',3,''),(897,'2013-08-21 04:38:39',1,12,'671','2013-11-17 14:05:00-07:00 - Kansas City Chiefs at Denver Broncos',3,''),(898,'2013-08-21 04:38:39',1,12,'670','2013-11-17 11:00:00-07:00 - Detroit Lions at Pittsburgh Steelers',3,''),(899,'2013-08-21 04:38:39',1,12,'669','2013-11-17 11:00:00-07:00 - Washington Redskins at Philadelphia Eagles',3,''),(900,'2013-08-21 04:38:39',1,12,'668','2013-11-17 11:00:00-07:00 - San Diego Chargers at Miami Dolphins',3,''),(901,'2013-08-21 04:38:39',1,12,'667','2013-11-17 11:00:00-07:00 - Oakland Raiders at Houston Texans',3,''),(902,'2013-08-21 04:38:39',1,12,'666','2013-11-17 11:00:00-07:00 - Arizona Cardinals at Jacksonville Jaguars',3,''),(903,'2013-08-21 04:38:39',1,12,'665','2013-11-17 11:00:00-07:00 - Atlanta Falcons at Tampa Bay Buccaneers',3,''),(904,'2013-08-21 04:38:39',1,12,'664','2013-11-17 11:00:00-07:00 - Cleveland Browns at Cincinnati Bengals',3,''),(905,'2013-08-21 04:38:39',1,12,'663','2013-11-17 11:00:00-07:00 - Baltimore Ravens at Chicago Bears',3,''),(906,'2013-08-21 04:38:39',1,12,'662','2013-11-17 11:00:00-07:00 - New York Jets at Buffalo Bills',3,''),(907,'2013-08-21 04:38:39',1,12,'661','2013-11-14 18:25:00-07:00 - Indianapolis Colts at Tennessee Titans',3,''),(908,'2013-08-21 04:38:39',1,12,'660','2013-11-11 18:30:00-07:00 - Miami Dolphins at Tampa Bay Buccaneers',3,''),(909,'2013-08-21 04:38:39',1,12,'659','2013-11-10 18:30:00-07:00 - Dallas Cowboys at New Orleans Saints',3,''),(910,'2013-08-21 04:38:39',1,12,'658','2013-11-10 14:25:00-07:00 - Houston Texans at Arizona Cardinals',3,''),(911,'2013-08-21 04:38:39',1,12,'657','2013-11-10 14:25:00-07:00 - Denver Broncos at San Diego Chargers',3,''),(912,'2013-08-21 04:38:39',1,12,'656','2013-11-10 14:05:00-07:00 - Carolina Panthers at San Francisco 49ers',3,''),(913,'2013-08-21 04:38:39',1,12,'655','2013-11-10 11:00:00-07:00 - Cincinnati Bengals at Baltimore Ravens',3,''),(914,'2013-08-21 04:38:39',1,12,'654','2013-11-10 11:00:00-07:00 - Buffalo Bills at Pittsburgh Steelers',3,''),(915,'2013-08-21 04:38:39',1,12,'653','2013-11-10 11:00:00-07:00 - Oakland Raiders at New York Giants',3,''),(916,'2013-08-21 04:38:39',1,12,'652','2013-11-10 11:00:00-07:00 - St. Louis Rams at Indianapolis Colts',3,''),(917,'2013-08-21 04:38:39',1,12,'651','2013-11-10 11:00:00-07:00 - Jacksonville Jaguars at Tennessee Titans',3,''),(918,'2013-08-21 04:38:39',1,12,'650','2013-11-10 11:00:00-07:00 - Philadelphia Eagles at Green Bay Packers',3,''),(919,'2013-08-21 04:38:39',1,12,'649','2013-11-10 11:00:00-07:00 - Detroit Lions at Chicago Bears',3,''),(920,'2013-08-21 04:38:39',1,12,'648','2013-11-10 11:00:00-07:00 - Seattle Seahawks at Atlanta Falcons',3,''),(921,'2013-08-21 04:38:39',1,12,'647','2013-11-07 18:25:00-07:00 - Washington Redskins at Minnesota Vikings',3,''),(922,'2013-08-21 04:38:39',1,12,'646','2013-11-04 18:30:00-07:00 - Chicago Bears at Green Bay Packers',3,''),(923,'2013-08-21 04:38:39',1,12,'645','2013-11-03 18:30:00-07:00 - Indianapolis Colts at Houston Texans',3,''),(924,'2013-08-21 04:38:39',1,12,'644','2013-11-03 14:25:00-07:00 - Baltimore Ravens at Cleveland Browns',3,''),(925,'2013-08-21 04:38:39',1,12,'643','2013-11-03 14:25:00-07:00 - Pittsburgh Steelers at New England Patriots',3,''),(926,'2013-08-21 04:38:39',1,12,'642','2013-11-03 14:05:00-07:00 - Philadelphia Eagles at Oakland Raiders',3,''),(927,'2013-08-21 04:38:39',1,12,'641','2013-11-03 14:05:00-07:00 - Tampa Bay Buccaneers at Seattle Seahawks',3,''),(928,'2013-08-21 04:38:39',1,12,'640','2013-11-03 11:00:00-07:00 - New Orleans Saints at New York Jets',3,''),(929,'2013-08-21 04:38:39',1,12,'639','2013-11-03 11:00:00-07:00 - Tennessee Titans at St. Louis Rams',3,''),(930,'2013-08-21 04:38:39',1,12,'638','2013-11-03 11:00:00-07:00 - Minnesota Vikings at Dallas Cowboys',3,''),(931,'2013-08-21 04:38:39',1,12,'637','2013-11-03 11:00:00-07:00 - Atlanta Falcons at Carolina Panthers',3,''),(932,'2013-08-21 04:38:39',1,12,'636','2013-11-03 11:00:00-07:00 - San Diego Chargers at Washington Redskins',3,''),(933,'2013-08-21 04:38:39',1,12,'635','2013-11-03 11:00:00-07:00 - Kansas City Chiefs at Buffalo Bills',3,''),(934,'2013-08-21 04:38:39',1,12,'634','2013-10-31 19:25:00-06:00 - Cincinnati Bengals at Miami Dolphins',3,''),(935,'2013-08-21 04:38:39',1,12,'633','2013-10-28 19:30:00-06:00 - Seattle Seahawks at St. Louis Rams',3,''),(936,'2013-08-21 04:38:39',1,12,'632','2013-10-27 19:30:00-06:00 - Green Bay Packers at Minnesota Vikings',3,''),(937,'2013-08-21 04:38:39',1,12,'631','2013-10-27 15:25:00-06:00 - Atlanta Falcons at Arizona Cardinals',3,''),(938,'2013-08-21 04:38:39',1,12,'630','2013-10-27 15:25:00-06:00 - Washington Redskins at Denver Broncos',3,''),(939,'2013-08-21 04:38:39',1,12,'629','2013-10-27 15:05:00-06:00 - New York Jets at Cincinnati Bengals',3,''),(940,'2013-08-21 04:38:39',1,12,'628','2013-10-27 15:05:00-06:00 - Pittsburgh Steelers at Oakland Raiders',3,''),(941,'2013-08-21 04:38:39',1,12,'627','2013-10-27 12:00:00-06:00 - San Francisco 49ers at Jacksonville Jaguars',3,''),(942,'2013-08-21 04:38:39',1,12,'626','2013-10-27 12:00:00-06:00 - New York Giants at Philadelphia Eagles',3,''),(943,'2013-08-21 04:38:45',1,12,'625','2013-10-27 12:00:00-06:00 - Buffalo Bills at New Orleans Saints',3,''),(944,'2013-08-21 04:38:45',1,12,'624','2013-10-27 12:00:00-06:00 - Miami Dolphins at New England Patriots',3,''),(945,'2013-08-21 04:38:45',1,12,'623','2013-10-27 12:00:00-06:00 - Cleveland Browns at Kansas City Chiefs',3,''),(946,'2013-08-21 04:38:45',1,12,'622','2013-10-27 12:00:00-06:00 - Dallas Cowboys at Detroit Lions',3,''),(947,'2013-08-21 04:38:45',1,12,'621','2013-10-24 19:25:00-06:00 - Carolina Panthers at Tampa Bay Buccaneers',3,''),(948,'2013-08-21 04:38:45',1,12,'620','2013-10-21 19:30:00-06:00 - Minnesota Vikings at New York Giants',3,''),(949,'2013-08-21 04:38:45',1,12,'619','2013-10-20 19:30:00-06:00 - Denver Broncos at Indianapolis Colts',3,''),(950,'2013-08-21 04:38:45',1,12,'618','2013-10-20 15:25:00-06:00 - Cleveland Browns at Green Bay Packers',3,''),(951,'2013-08-21 04:38:45',1,12,'617','2013-10-20 15:25:00-06:00 - Baltimore Ravens at Pittsburgh Steelers',3,''),(952,'2013-08-21 04:38:45',1,12,'616','2013-10-20 15:05:00-06:00 - San Francisco 49ers at Tennessee Titans',3,''),(953,'2013-08-21 04:38:45',1,12,'615','2013-10-20 12:00:00-06:00 - San Diego Chargers at Jacksonville Jaguars',3,''),(954,'2013-08-21 04:38:45',1,12,'614','2013-10-20 12:00:00-06:00 - St. Louis Rams at Carolina Panthers',3,''),(955,'2013-08-21 04:38:45',1,12,'613','2013-10-20 12:00:00-06:00 - Chicago Bears at Washington Redskins',3,''),(956,'2013-08-21 04:38:45',1,12,'612','2013-10-20 12:00:00-06:00 - Dallas Cowboys at Philadelphia Eagles',3,''),(957,'2013-08-21 04:38:45',1,12,'611','2013-10-20 12:00:00-06:00 - New England Patriots at New York Jets',3,''),(958,'2013-08-21 04:38:45',1,12,'610','2013-10-20 12:00:00-06:00 - Buffalo Bills at Miami Dolphins',3,''),(959,'2013-08-21 04:38:45',1,12,'609','2013-10-20 12:00:00-06:00 - Houston Texans at Kansas City Chiefs',3,''),(960,'2013-08-21 04:38:45',1,12,'608','2013-10-20 12:00:00-06:00 - Cincinnati Bengals at Detroit Lions',3,''),(961,'2013-08-21 04:38:45',1,12,'607','2013-10-20 12:00:00-06:00 - Tampa Bay Buccaneers at Atlanta Falcons',3,''),(962,'2013-08-21 04:38:45',1,12,'606','2013-10-17 19:25:00-06:00 - Seattle Seahawks at Arizona Cardinals',3,''),(963,'2013-08-21 04:38:45',1,12,'605','2013-10-14 19:30:00-06:00 - Indianapolis Colts at San Diego Chargers',3,''),(964,'2013-08-21 04:38:45',1,12,'604','2013-10-13 19:30:00-06:00 - Washington Redskins at Dallas Cowboys',3,''),(965,'2013-08-21 04:38:45',1,12,'603','2013-10-13 15:25:00-06:00 - Arizona Cardinals at San Francisco 49ers',3,''),(966,'2013-08-21 04:38:45',1,12,'602','2013-10-13 15:25:00-06:00 - New Orleans Saints at New England Patriots',3,''),(967,'2013-08-21 04:38:45',1,12,'601','2013-10-13 15:05:00-06:00 - Tennessee Titans at Seattle Seahawks',3,''),(968,'2013-08-21 04:38:45',1,12,'600','2013-10-13 15:05:00-06:00 - Jacksonville Jaguars at Denver Broncos',3,''),(969,'2013-08-21 04:38:45',1,12,'599','2013-10-13 12:00:00-06:00 - Pittsburgh Steelers at New York Jets',3,''),(970,'2013-08-21 04:38:45',1,12,'598','2013-10-13 12:00:00-06:00 - St. Louis Rams at Houston Texans',3,''),(971,'2013-08-21 04:38:45',1,12,'597','2013-10-13 12:00:00-06:00 - Green Bay Packers at Baltimore Ravens',3,''),(972,'2013-08-21 04:38:45',1,12,'596','2013-10-13 12:00:00-06:00 - Philadelphia Eagles at Tampa Bay Buccaneers',3,''),(973,'2013-08-21 04:38:45',1,12,'595','2013-10-13 12:00:00-06:00 - Carolina Panthers at Minnesota Vikings',3,''),(974,'2013-08-21 04:38:45',1,12,'594','2013-10-13 12:00:00-06:00 - Oakland Raiders at Kansas City Chiefs',3,''),(975,'2013-08-21 04:38:45',1,12,'593','2013-10-13 12:00:00-06:00 - Detroit Lions at Cleveland Browns',3,''),(976,'2013-08-21 04:38:45',1,12,'592','2013-10-13 12:00:00-06:00 - Cincinnati Bengals at Buffalo Bills',3,''),(977,'2013-08-21 04:38:45',1,12,'591','2013-10-10 19:25:00-06:00 - New York Giants at Chicago Bears',3,''),(978,'2013-08-21 04:38:45',1,12,'590','2013-10-07 19:30:00-06:00 - New York Jets at Atlanta Falcons',3,''),(979,'2013-08-21 04:38:45',1,12,'589','2013-10-06 19:30:00-06:00 - Houston Texans at San Francisco 49ers',3,''),(980,'2013-08-21 04:38:45',1,12,'588','2013-10-06 15:25:00-06:00 - San Diego Chargers at Oakland Raiders',3,''),(981,'2013-08-21 04:38:45',1,12,'587','2013-10-06 15:25:00-06:00 - Denver Broncos at Dallas Cowboys',3,''),(982,'2013-08-21 04:38:45',1,12,'586','2013-10-06 15:05:00-06:00 - Carolina Panthers at Arizona Cardinals',3,''),(983,'2013-08-21 04:38:45',1,12,'585','2013-10-06 12:00:00-06:00 - Seattle Seahawks at Indianapolis Colts',3,''),(984,'2013-08-21 04:38:45',1,12,'584','2013-10-06 12:00:00-06:00 - Kansas City Chiefs at Tennessee Titans',3,''),(985,'2013-08-21 04:38:45',1,12,'583','2013-10-06 12:00:00-06:00 - Detroit Lions at Green Bay Packers',3,''),(986,'2013-08-21 04:38:45',1,12,'582','2013-10-06 12:00:00-06:00 - Philadelphia Eagles at New York Giants',3,''),(987,'2013-08-21 04:38:45',1,12,'581','2013-10-06 12:00:00-06:00 - Baltimore Ravens at Miami Dolphins',3,''),(988,'2013-08-21 04:38:45',1,12,'580','2013-10-06 12:00:00-06:00 - Jacksonville Jaguars at St. Louis Rams',3,''),(989,'2013-08-21 04:38:45',1,12,'579','2013-10-06 12:00:00-06:00 - New England Patriots at Cincinnati Bengals',3,''),(990,'2013-08-21 04:38:45',1,12,'578','2013-10-06 12:00:00-06:00 - New Orleans Saints at Chicago Bears',3,''),(991,'2013-08-21 04:38:45',1,12,'577','2013-10-03 19:25:00-06:00 - Buffalo Bills at Cleveland Browns',3,''),(992,'2013-08-21 04:38:45',1,12,'576','2013-09-30 19:30:00-06:00 - Miami Dolphins at New Orleans Saints',3,''),(993,'2013-08-21 04:38:45',1,12,'575','2013-09-29 19:30:00-06:00 - New England Patriots at Atlanta Falcons',3,''),(994,'2013-08-21 04:38:45',1,12,'574','2013-09-29 15:25:00-06:00 - Washington Redskins at Oakland Raiders',3,''),(995,'2013-08-21 04:38:45',1,12,'573','2013-09-29 15:25:00-06:00 - Dallas Cowboys at San Diego Chargers',3,''),(996,'2013-08-21 04:38:45',1,12,'572','2013-09-29 15:25:00-06:00 - Philadelphia Eagles at Denver Broncos',3,''),(997,'2013-08-21 04:38:45',1,12,'571','2013-09-29 15:05:00-06:00 - New York Jets at Tennessee Titans',3,''),(998,'2013-08-21 04:38:45',1,12,'570','2013-09-29 12:00:00-06:00 - Seattle Seahawks at Houston Texans',3,''),(999,'2013-08-21 04:38:45',1,12,'569','2013-09-29 12:00:00-06:00 - Indianapolis Colts at Jacksonville Jaguars',3,''),(1000,'2013-08-21 04:38:45',1,12,'568','2013-09-29 12:00:00-06:00 - Arizona Cardinals at Tampa Bay Buccaneers',3,''),(1001,'2013-08-21 04:38:45',1,12,'567','2013-09-29 12:00:00-06:00 - Pittsburgh Steelers at Minnesota Vikings',3,''),(1002,'2013-08-21 04:38:45',1,12,'566','2013-09-29 12:00:00-06:00 - New York Giants at Kansas City Chiefs',3,''),(1003,'2013-08-21 04:38:45',1,12,'565','2013-09-29 12:00:00-06:00 - Chicago Bears at Detroit Lions',3,''),(1004,'2013-08-21 04:38:45',1,12,'564','2013-09-29 12:00:00-06:00 - Cincinnati Bengals at Cleveland Browns',3,''),(1005,'2013-08-21 04:38:45',1,12,'563','2013-09-29 12:00:00-06:00 - Baltimore Ravens at Buffalo Bills',3,''),(1006,'2013-08-21 04:38:45',1,12,'562','2013-09-26 19:25:00-06:00 - San Francisco 49ers at St. Louis Rams',3,''),(1007,'2013-08-21 04:38:45',1,12,'561','2013-09-23 19:30:00-06:00 - Oakland Raiders at Denver Broncos',3,''),(1008,'2013-08-21 04:38:45',1,12,'560','2013-09-22 19:30:00-06:00 - Chicago Bears at Pittsburgh Steelers',3,''),(1009,'2013-08-21 04:38:45',1,12,'559','2013-09-22 15:25:00-06:00 - Jacksonville Jaguars at Seattle Seahawks',3,''),(1010,'2013-08-21 04:38:45',1,12,'558','2013-09-22 15:25:00-06:00 - Indianapolis Colts at San Francisco 49ers',3,''),(1011,'2013-08-21 04:38:45',1,12,'557','2013-09-22 15:25:00-06:00 - Buffalo Bills at New York Jets',3,''),(1012,'2013-08-21 04:38:45',1,12,'556','2013-09-22 15:05:00-06:00 - Atlanta Falcons at Miami Dolphins',3,''),(1013,'2013-08-21 04:38:45',1,12,'555','2013-09-22 12:00:00-06:00 - Houston Texans at Baltimore Ravens',3,''),(1014,'2013-08-21 04:38:45',1,12,'554','2013-09-22 12:00:00-06:00 - New York Giants at Carolina Panthers',3,''),(1015,'2013-08-21 04:38:45',1,12,'553','2013-09-22 12:00:00-06:00 - Detroit Lions at Washington Redskins',3,''),(1016,'2013-08-21 04:38:45',1,12,'552','2013-09-22 12:00:00-06:00 - Arizona Cardinals at New Orleans Saints',3,''),(1017,'2013-08-21 04:38:45',1,12,'551','2013-09-22 12:00:00-06:00 - Tampa Bay Buccaneers at New England Patriots',3,''),(1018,'2013-08-21 04:38:45',1,12,'550','2013-09-22 12:00:00-06:00 - Cleveland Browns at Minnesota Vikings',3,''),(1019,'2013-08-21 04:38:45',1,12,'549','2013-09-22 12:00:00-06:00 - San Diego Chargers at Tennessee Titans',3,''),(1020,'2013-08-21 04:38:45',1,12,'548','2013-09-22 12:00:00-06:00 - St. Louis Rams at Dallas Cowboys',3,''),(1021,'2013-08-21 04:38:45',1,12,'547','2013-09-22 12:00:00-06:00 - Green Bay Packers at Cincinnati Bengals',3,''),(1022,'2013-08-21 04:38:45',1,12,'546','2013-09-19 19:25:00-06:00 - Kansas City Chiefs at Philadelphia Eagles',3,''),(1023,'2013-08-21 04:38:45',1,12,'545','2013-09-16 19:30:00-06:00 - Pittsburgh Steelers at Cincinnati Bengals',3,''),(1024,'2013-08-21 04:38:45',1,12,'544','2013-09-15 19:30:00-06:00 - San Francisco 49ers at Seattle Seahawks',3,''),(1025,'2013-08-21 04:38:45',1,12,'543','2013-09-15 15:25:00-06:00 - Denver Broncos at New York Giants',3,''),(1026,'2013-08-21 04:38:45',1,12,'542','2013-09-15 15:25:00-06:00 - Jacksonville Jaguars at Oakland Raiders',3,''),(1027,'2013-08-21 04:38:45',1,12,'541','2013-09-15 15:05:00-06:00 - New Orleans Saints at Tampa Bay Buccaneers',3,''),(1028,'2013-08-21 04:38:45',1,12,'540','2013-09-15 15:05:00-06:00 - Detroit Lions at Arizona Cardinals',3,''),(1029,'2013-08-21 04:38:45',1,12,'539','2013-09-15 12:00:00-06:00 - San Diego Chargers at Philadelphia Eagles',3,''),(1030,'2013-08-21 04:38:45',1,12,'538','2013-09-15 12:00:00-06:00 - Tennessee Titans at Houston Texans',3,''),(1031,'2013-08-21 04:38:45',1,12,'537','2013-09-15 12:00:00-06:00 - Cleveland Browns at Baltimore Ravens',3,''),(1032,'2013-08-21 04:38:45',1,12,'536','2013-09-15 12:00:00-06:00 - Dallas Cowboys at Kansas City Chiefs',3,''),(1033,'2013-08-21 04:38:45',1,12,'535','2013-09-15 12:00:00-06:00 - Miami Dolphins at Indianapolis Colts',3,''),(1034,'2013-08-21 04:38:45',1,12,'534','2013-09-15 12:00:00-06:00 - Washington Redskins at Green Bay Packers',3,''),(1035,'2013-08-21 04:38:45',1,12,'533','2013-09-15 12:00:00-06:00 - Minnesota Vikings at Chicago Bears',3,''),(1036,'2013-08-21 04:38:45',1,12,'532','2013-09-15 12:00:00-06:00 - Carolina Panthers at Buffalo Bills',3,''),(1037,'2013-08-21 04:38:45',1,12,'531','2013-09-15 12:00:00-06:00 - St. Louis Rams at Atlanta Falcons',3,''),(1038,'2013-08-21 04:38:45',1,12,'530','2013-09-12 19:25:00-06:00 - New York Jets at New England Patriots',3,''),(1039,'2013-08-21 04:38:45',1,12,'529','2013-09-09 21:15:00-06:00 - Houston Texans at San Diego Chargers',3,''),(1040,'2013-08-21 04:38:45',1,12,'528','2013-09-09 18:00:00-06:00 - Philadelphia Eagles at Washington Redskins',3,''),(1041,'2013-08-21 04:38:45',1,12,'527','2013-09-08 19:30:00-06:00 - New York Giants at Dallas Cowboys',3,''),(1042,'2013-08-21 04:38:45',1,12,'526','2013-09-08 15:25:00-06:00 - Green Bay Packers at San Francisco 49ers',3,''),(1043,'2013-08-21 04:38:51',1,12,'525','2013-09-08 15:25:00-06:00 - Arizona Cardinals at St. Louis Rams',3,''),(1044,'2013-08-21 04:38:51',1,12,'524','2013-09-08 12:00:00-06:00 - Kansas City Chiefs at Jacksonville Jaguars',3,''),(1045,'2013-08-21 04:38:51',1,12,'523','2013-09-08 12:00:00-06:00 - Seattle Seahawks at Carolina Panthers',3,''),(1046,'2013-08-21 04:38:51',1,12,'522','2013-09-08 12:00:00-06:00 - Oakland Raiders at Indianapolis Colts',3,''),(1047,'2013-08-21 04:38:51',1,12,'521','2013-09-08 12:00:00-06:00 - Minnesota Vikings at Detroit Lions',3,''),(1048,'2013-08-21 04:38:51',1,12,'520','2013-09-08 12:00:00-06:00 - Tennessee Titans at Pittsburgh Steelers',3,''),(1049,'2013-08-21 04:38:51',1,12,'519','2013-09-08 12:00:00-06:00 - Tampa Bay Buccaneers at New York Jets',3,''),(1050,'2013-08-21 04:38:51',1,12,'518','2013-09-08 12:00:00-06:00 - Atlanta Falcons at New Orleans Saints',3,''),(1051,'2013-08-21 04:38:51',1,12,'517','2013-09-08 12:00:00-06:00 - Miami Dolphins at Cleveland Browns',3,''),(1052,'2013-08-21 04:38:51',1,12,'516','2013-09-08 12:00:00-06:00 - Cincinnati Bengals at Chicago Bears',3,''),(1053,'2013-08-21 04:38:51',1,12,'515','2013-09-08 12:00:00-06:00 - New England Patriots at Buffalo Bills',3,''),(1054,'2013-08-21 04:38:51',1,12,'514','2013-09-05 19:30:00-06:00 - Baltimore Ravens at Denver Broncos',3,''),(1055,'2013-08-21 04:41:00',1,12,'1281','2013-12-29 14:25:00-07:00 - Denver Broncos at Oakland Raiders',3,''),(1056,'2013-08-21 04:41:00',1,12,'1280','2013-12-29 14:25:00-07:00 - St. Louis Rams at Seattle Seahawks',3,''),(1057,'2013-08-21 04:41:00',1,12,'1279','2013-12-29 14:25:00-07:00 - Kansas City Chiefs at San Diego Chargers',3,''),(1058,'2013-08-21 04:41:00',1,12,'1278','2013-12-29 14:25:00-07:00 - San Francisco 49ers at Arizona Cardinals',3,''),(1059,'2013-08-21 04:41:00',1,12,'1277','2013-12-29 11:00:00-07:00 - Washington Redskins at New York Giants',3,''),(1060,'2013-08-21 04:41:00',1,12,'1276','2013-12-29 11:00:00-07:00 - Tampa Bay Buccaneers at New Orleans Saints',3,''),(1061,'2013-08-21 04:41:00',1,12,'1275','2013-12-29 11:00:00-07:00 - Buffalo Bills at New England Patriots',3,''),(1062,'2013-08-21 04:41:00',1,12,'1274','2013-12-29 11:00:00-07:00 - Detroit Lions at Minnesota Vikings',3,''),(1063,'2013-08-21 04:41:00',1,12,'1273','2013-12-29 11:00:00-07:00 - New York Jets at Miami Dolphins',3,''),(1064,'2013-08-21 04:41:00',1,12,'1272','2013-12-29 11:00:00-07:00 - Cleveland Browns at Pittsburgh Steelers',3,''),(1065,'2013-08-21 04:41:00',1,12,'1271','2013-12-29 11:00:00-07:00 - Jacksonville Jaguars at Indianapolis Colts',3,''),(1066,'2013-08-21 04:41:00',1,12,'1270','2013-12-29 11:00:00-07:00 - Houston Texans at Tennessee Titans',3,''),(1067,'2013-08-21 04:41:00',1,12,'1269','2013-12-29 11:00:00-07:00 - Philadelphia Eagles at Dallas Cowboys',3,''),(1068,'2013-08-21 04:41:00',1,12,'1268','2013-12-29 11:00:00-07:00 - Baltimore Ravens at Cincinnati Bengals',3,''),(1069,'2013-08-21 04:41:00',1,12,'1267','2013-12-29 11:00:00-07:00 - Green Bay Packers at Chicago Bears',3,''),(1070,'2013-08-21 04:41:00',1,12,'1266','2013-12-29 11:00:00-07:00 - Carolina Panthers at Atlanta Falcons',3,''),(1071,'2013-08-21 04:41:00',1,12,'1265','2013-12-23 18:30:00-07:00 - Atlanta Falcons at San Francisco 49ers',3,''),(1072,'2013-08-21 04:41:00',1,12,'1264','2013-12-22 18:30:00-07:00 - New England Patriots at Baltimore Ravens',3,''),(1073,'2013-08-21 04:41:00',1,12,'1263','2013-12-22 14:25:00-07:00 - Oakland Raiders at San Diego Chargers',3,''),(1074,'2013-08-21 04:41:00',1,12,'1262','2013-12-22 14:25:00-07:00 - Pittsburgh Steelers at Green Bay Packers',3,''),(1075,'2013-08-21 04:41:00',1,12,'1261','2013-12-22 14:05:00-07:00 - New York Giants at Detroit Lions',3,''),(1076,'2013-08-21 04:41:00',1,12,'1260','2013-12-22 14:05:00-07:00 - Arizona Cardinals at Seattle Seahawks',3,''),(1077,'2013-08-21 04:41:00',1,12,'1259','2013-12-22 11:00:00-07:00 - Denver Broncos at Houston Texans',3,''),(1078,'2013-08-21 04:41:00',1,12,'1258','2013-12-22 11:00:00-07:00 - Tennessee Titans at Jacksonville Jaguars',3,''),(1079,'2013-08-21 04:41:00',1,12,'1257','2013-12-22 11:00:00-07:00 - New Orleans Saints at Carolina Panthers',3,''),(1080,'2013-08-21 04:41:00',1,12,'1256','2013-12-22 11:00:00-07:00 - Dallas Cowboys at Washington Redskins',3,''),(1081,'2013-08-21 04:41:00',1,12,'1255','2013-12-22 11:00:00-07:00 - Chicago Bears at Philadelphia Eagles',3,''),(1082,'2013-08-21 04:41:00',1,12,'1254','2013-12-22 11:00:00-07:00 - Cleveland Browns at New York Jets',3,''),(1083,'2013-08-21 04:41:00',1,12,'1253','2013-12-22 11:00:00-07:00 - Tampa Bay Buccaneers at St. Louis Rams',3,''),(1084,'2013-08-21 04:41:00',1,12,'1252','2013-12-22 11:00:00-07:00 - Indianapolis Colts at Kansas City Chiefs',3,''),(1085,'2013-08-21 04:41:00',1,12,'1251','2013-12-22 11:00:00-07:00 - Minnesota Vikings at Cincinnati Bengals',3,''),(1086,'2013-08-21 04:41:00',1,12,'1250','2013-12-22 11:00:00-07:00 - Miami Dolphins at Buffalo Bills',3,''),(1087,'2013-08-21 04:41:00',1,12,'1249','2013-12-16 18:30:00-07:00 - Baltimore Ravens at Detroit Lions',3,''),(1088,'2013-08-21 04:41:00',1,12,'1248','2013-12-15 18:30:00-07:00 - Cincinnati Bengals at Pittsburgh Steelers',3,''),(1089,'2013-08-21 04:41:00',1,12,'1247','2013-12-15 14:25:00-07:00 - Green Bay Packers at Dallas Cowboys',3,''),(1090,'2013-08-21 04:41:00',1,12,'1246','2013-12-15 14:05:00-07:00 - Kansas City Chiefs at Oakland Raiders',3,''),(1091,'2013-08-21 04:41:00',1,12,'1245','2013-12-15 14:05:00-07:00 - New York Jets at Carolina Panthers',3,''),(1092,'2013-08-21 04:41:00',1,12,'1244','2013-12-15 11:00:00-07:00 - San Francisco 49ers at Tampa Bay Buccaneers',3,''),(1093,'2013-08-21 04:41:00',1,12,'1243','2013-12-15 11:00:00-07:00 - Buffalo Bills at Jacksonville Jaguars',3,''),(1094,'2013-08-21 04:41:00',1,12,'1242','2013-12-15 11:00:00-07:00 - Seattle Seahawks at New York Giants',3,''),(1095,'2013-08-21 04:41:00',1,12,'1241','2013-12-15 11:00:00-07:00 - Philadelphia Eagles at Minnesota Vikings',3,''),(1096,'2013-08-21 04:41:00',1,12,'1240','2013-12-15 11:00:00-07:00 - New England Patriots at Miami Dolphins',3,''),(1097,'2013-08-21 04:41:00',1,12,'1239','2013-12-15 11:00:00-07:00 - New Orleans Saints at St. Louis Rams',3,''),(1098,'2013-08-21 04:41:00',1,12,'1238','2013-12-15 11:00:00-07:00 - Houston Texans at Indianapolis Colts',3,''),(1099,'2013-08-21 04:41:00',1,12,'1237','2013-12-15 11:00:00-07:00 - Arizona Cardinals at Tennessee Titans',3,''),(1100,'2013-08-21 04:41:00',1,12,'1236','2013-12-15 11:00:00-07:00 - Chicago Bears at Cleveland Browns',3,''),(1101,'2013-08-21 04:41:00',1,12,'1235','2013-12-15 11:00:00-07:00 - Washington Redskins at Atlanta Falcons',3,''),(1102,'2013-08-21 04:41:00',1,12,'1234','2013-12-12 18:25:00-07:00 - San Diego Chargers at Denver Broncos',3,''),(1103,'2013-08-21 04:41:00',1,12,'1233','2013-12-09 18:30:00-07:00 - Dallas Cowboys at Chicago Bears',3,''),(1104,'2013-08-21 04:41:00',1,12,'1232','2013-12-08 18:30:00-07:00 - Atlanta Falcons at Green Bay Packers',3,''),(1105,'2013-08-21 04:41:00',1,12,'1231','2013-12-08 14:25:00-07:00 - St. Louis Rams at Arizona Cardinals',3,''),(1106,'2013-08-21 04:41:00',1,12,'1230','2013-12-08 14:25:00-07:00 - Seattle Seahawks at San Francisco 49ers',3,''),(1107,'2013-08-21 04:41:00',1,12,'1229','2013-12-08 14:25:00-07:00 - New York Giants at San Diego Chargers',3,''),(1108,'2013-08-21 04:41:00',1,12,'1228','2013-12-08 14:05:00-07:00 - Tennessee Titans at Denver Broncos',3,''),(1109,'2013-08-21 04:41:00',1,12,'1227','2013-12-08 11:00:00-07:00 - Miami Dolphins at Pittsburgh Steelers',3,''),(1110,'2013-08-21 04:41:00',1,12,'1226','2013-12-08 11:00:00-07:00 - Detroit Lions at Philadelphia Eagles',3,''),(1111,'2013-08-21 04:41:00',1,12,'1225','2013-12-08 11:00:00-07:00 - Oakland Raiders at New York Jets',3,''),(1112,'2013-08-21 04:41:00',1,12,'1224','2013-12-08 11:00:00-07:00 - Carolina Panthers at New Orleans Saints',3,''),(1113,'2013-08-21 04:41:00',1,12,'1223','2013-12-08 11:00:00-07:00 - Cleveland Browns at New England Patriots',3,''),(1114,'2013-08-21 04:41:00',1,12,'1222','2013-12-08 11:00:00-07:00 - Minnesota Vikings at Baltimore Ravens',3,''),(1115,'2013-08-21 04:41:00',1,12,'1221','2013-12-08 11:00:00-07:00 - Kansas City Chiefs at Washington Redskins',3,''),(1116,'2013-08-21 04:41:00',1,12,'1220','2013-12-08 11:00:00-07:00 - Buffalo Bills at Tampa Bay Buccaneers',3,''),(1117,'2013-08-21 04:41:00',1,12,'1219','2013-12-08 11:00:00-07:00 - Indianapolis Colts at Cincinnati Bengals',3,''),(1118,'2013-08-21 04:41:00',1,12,'1218','2013-12-05 18:25:00-07:00 - Houston Texans at Jacksonville Jaguars',3,''),(1119,'2013-08-21 04:41:00',1,12,'1217','2013-12-02 18:30:00-07:00 - New Orleans Saints at Seattle Seahawks',3,''),(1120,'2013-08-21 04:41:00',1,12,'1216','2013-12-01 18:30:00-07:00 - New York Giants at Washington Redskins',3,''),(1121,'2013-08-21 04:41:00',1,12,'1215','2013-12-01 14:25:00-07:00 - Cincinnati Bengals at San Diego Chargers',3,''),(1122,'2013-08-21 04:41:00',1,12,'1214','2013-12-01 14:25:00-07:00 - New England Patriots at Houston Texans',3,''),(1123,'2013-08-21 04:41:00',1,12,'1213','2013-12-01 14:05:00-07:00 - St. Louis Rams at San Francisco 49ers',3,''),(1124,'2013-08-21 04:41:00',1,12,'1212','2013-12-01 14:05:00-07:00 - Atlanta Falcons at Buffalo Bills',3,''),(1125,'2013-08-21 04:41:00',1,12,'1211','2013-12-01 11:00:00-07:00 - Arizona Cardinals at Philadelphia Eagles',3,''),(1126,'2013-08-21 04:41:00',1,12,'1210','2013-12-01 11:00:00-07:00 - Miami Dolphins at New York Jets',3,''),(1127,'2013-08-21 04:41:00',1,12,'1209','2013-12-01 11:00:00-07:00 - Chicago Bears at Minnesota Vikings',3,''),(1128,'2013-08-21 04:41:00',1,12,'1208','2013-12-01 11:00:00-07:00 - Denver Broncos at Kansas City Chiefs',3,''),(1129,'2013-08-21 04:41:00',1,12,'1207','2013-12-01 11:00:00-07:00 - Tennessee Titans at Indianapolis Colts',3,''),(1130,'2013-08-21 04:41:00',1,12,'1206','2013-12-01 11:00:00-07:00 - Jacksonville Jaguars at Cleveland Browns',3,''),(1131,'2013-08-21 04:41:00',1,12,'1205','2013-12-01 11:00:00-07:00 - Tampa Bay Buccaneers at Carolina Panthers',3,''),(1132,'2013-08-21 04:41:00',1,12,'1204','2013-11-28 18:30:00-07:00 - Pittsburgh Steelers at Baltimore Ravens',3,''),(1133,'2013-08-21 04:41:00',1,12,'1203','2013-11-28 14:30:00-07:00 - Oakland Raiders at Dallas Cowboys',3,''),(1134,'2013-08-21 04:41:00',1,12,'1202','2013-11-27 22:30:00-07:00 - Green Bay Packers at Detroit Lions',3,''),(1135,'2013-08-21 04:41:00',1,12,'1201','2013-11-25 18:30:00-07:00 - San Francisco 49ers at Washington Redskins',3,''),(1136,'2013-08-21 04:41:00',1,12,'1200','2013-11-24 18:30:00-07:00 - Denver Broncos at New England Patriots',3,''),(1137,'2013-08-21 04:41:00',1,12,'1199','2013-11-24 14:25:00-07:00 - Dallas Cowboys at New York Giants',3,''),(1138,'2013-08-21 04:41:00',1,12,'1198','2013-11-24 14:05:00-07:00 - Tennessee Titans at Oakland Raiders',3,''),(1139,'2013-08-21 04:41:00',1,12,'1197','2013-11-24 14:05:00-07:00 - Indianapolis Colts at Arizona Cardinals',3,''),(1140,'2013-08-21 04:41:00',1,12,'1196','2013-11-24 11:00:00-07:00 - Jacksonville Jaguars at Houston Texans',3,''),(1141,'2013-08-21 04:41:00',1,12,'1195','2013-11-24 11:00:00-07:00 - New York Jets at Baltimore Ravens',3,''),(1142,'2013-08-21 04:41:00',1,12,'1194','2013-11-24 11:00:00-07:00 - Carolina Panthers at Miami Dolphins',3,''),(1143,'2013-08-21 04:41:00',1,12,'1193','2013-11-24 11:00:00-07:00 - Chicago Bears at St. Louis Rams',3,''),(1144,'2013-08-21 04:41:00',1,12,'1192','2013-11-24 11:00:00-07:00 - San Diego Chargers at Kansas City Chiefs',3,''),(1145,'2013-08-21 04:41:00',1,12,'1191','2013-11-24 11:00:00-07:00 - Minnesota Vikings at Green Bay Packers',3,''),(1146,'2013-08-21 04:41:00',1,12,'1190','2013-11-24 11:00:00-07:00 - Tampa Bay Buccaneers at Detroit Lions',3,''),(1147,'2013-08-21 04:41:00',1,12,'1189','2013-11-24 11:00:00-07:00 - Pittsburgh Steelers at Cleveland Browns',3,''),(1148,'2013-08-21 04:41:00',1,12,'1188','2013-11-21 18:25:00-07:00 - New Orleans Saints at Atlanta Falcons',3,''),(1149,'2013-08-21 04:41:00',1,12,'1187','2013-11-18 18:30:00-07:00 - New England Patriots at Carolina Panthers',3,''),(1150,'2013-08-21 04:41:00',1,12,'1186','2013-11-17 18:30:00-07:00 - Green Bay Packers at New York Giants',3,''),(1151,'2013-08-21 04:41:00',1,12,'1185','2013-11-17 14:25:00-07:00 - San Francisco 49ers at New Orleans Saints',3,''),(1152,'2013-08-21 04:41:00',1,12,'1184','2013-11-17 14:25:00-07:00 - Minnesota Vikings at Seattle Seahawks',3,''),(1153,'2013-08-21 04:41:00',1,12,'1183','2013-11-17 14:05:00-07:00 - Kansas City Chiefs at Denver Broncos',3,''),(1154,'2013-08-21 04:41:00',1,12,'1182','2013-11-17 11:00:00-07:00 - Detroit Lions at Pittsburgh Steelers',3,''),(1155,'2013-08-21 04:41:05',1,12,'1181','2013-11-17 11:00:00-07:00 - Washington Redskins at Philadelphia Eagles',3,''),(1156,'2013-08-21 04:41:05',1,12,'1180','2013-11-17 11:00:00-07:00 - San Diego Chargers at Miami Dolphins',3,''),(1157,'2013-08-21 04:41:05',1,12,'1179','2013-11-17 11:00:00-07:00 - Oakland Raiders at Houston Texans',3,''),(1158,'2013-08-21 04:41:05',1,12,'1178','2013-11-17 11:00:00-07:00 - Arizona Cardinals at Jacksonville Jaguars',3,''),(1159,'2013-08-21 04:41:05',1,12,'1177','2013-11-17 11:00:00-07:00 - Atlanta Falcons at Tampa Bay Buccaneers',3,''),(1160,'2013-08-21 04:41:05',1,12,'1176','2013-11-17 11:00:00-07:00 - Cleveland Browns at Cincinnati Bengals',3,''),(1161,'2013-08-21 04:41:05',1,12,'1175','2013-11-17 11:00:00-07:00 - Baltimore Ravens at Chicago Bears',3,''),(1162,'2013-08-21 04:41:05',1,12,'1174','2013-11-17 11:00:00-07:00 - New York Jets at Buffalo Bills',3,''),(1163,'2013-08-21 04:41:05',1,12,'1173','2013-11-14 18:25:00-07:00 - Indianapolis Colts at Tennessee Titans',3,''),(1164,'2013-08-21 04:41:05',1,12,'1172','2013-11-11 18:30:00-07:00 - Miami Dolphins at Tampa Bay Buccaneers',3,''),(1165,'2013-08-21 04:41:05',1,12,'1171','2013-11-10 18:30:00-07:00 - Dallas Cowboys at New Orleans Saints',3,''),(1166,'2013-08-21 04:41:05',1,12,'1170','2013-11-10 14:25:00-07:00 - Houston Texans at Arizona Cardinals',3,''),(1167,'2013-08-21 04:41:05',1,12,'1169','2013-11-10 14:25:00-07:00 - Denver Broncos at San Diego Chargers',3,''),(1168,'2013-08-21 04:41:05',1,12,'1168','2013-11-10 14:05:00-07:00 - Carolina Panthers at San Francisco 49ers',3,''),(1169,'2013-08-21 04:41:05',1,12,'1167','2013-11-10 11:00:00-07:00 - Cincinnati Bengals at Baltimore Ravens',3,''),(1170,'2013-08-21 04:41:05',1,12,'1166','2013-11-10 11:00:00-07:00 - Buffalo Bills at Pittsburgh Steelers',3,''),(1171,'2013-08-21 04:41:05',1,12,'1165','2013-11-10 11:00:00-07:00 - Oakland Raiders at New York Giants',3,''),(1172,'2013-08-21 04:41:05',1,12,'1164','2013-11-10 11:00:00-07:00 - St. Louis Rams at Indianapolis Colts',3,''),(1173,'2013-08-21 04:41:05',1,12,'1163','2013-11-10 11:00:00-07:00 - Jacksonville Jaguars at Tennessee Titans',3,''),(1174,'2013-08-21 04:41:05',1,12,'1162','2013-11-10 11:00:00-07:00 - Philadelphia Eagles at Green Bay Packers',3,''),(1175,'2013-08-21 04:41:05',1,12,'1161','2013-11-10 11:00:00-07:00 - Detroit Lions at Chicago Bears',3,''),(1176,'2013-08-21 04:41:05',1,12,'1160','2013-11-10 11:00:00-07:00 - Seattle Seahawks at Atlanta Falcons',3,''),(1177,'2013-08-21 04:41:05',1,12,'1159','2013-11-07 18:25:00-07:00 - Washington Redskins at Minnesota Vikings',3,''),(1178,'2013-08-21 04:41:05',1,12,'1158','2013-11-04 18:30:00-07:00 - Chicago Bears at Green Bay Packers',3,''),(1179,'2013-08-21 04:41:05',1,12,'1157','2013-11-03 18:30:00-07:00 - Indianapolis Colts at Houston Texans',3,''),(1180,'2013-08-21 04:41:05',1,12,'1156','2013-11-03 14:25:00-07:00 - Baltimore Ravens at Cleveland Browns',3,''),(1181,'2013-08-21 04:41:05',1,12,'1155','2013-11-03 14:25:00-07:00 - Pittsburgh Steelers at New England Patriots',3,''),(1182,'2013-08-21 04:41:05',1,12,'1154','2013-11-03 14:05:00-07:00 - Philadelphia Eagles at Oakland Raiders',3,''),(1183,'2013-08-21 04:41:05',1,12,'1153','2013-11-03 14:05:00-07:00 - Tampa Bay Buccaneers at Seattle Seahawks',3,''),(1184,'2013-08-21 04:41:05',1,12,'1152','2013-11-03 11:00:00-07:00 - New Orleans Saints at New York Jets',3,''),(1185,'2013-08-21 04:41:05',1,12,'1151','2013-11-03 11:00:00-07:00 - Tennessee Titans at St. Louis Rams',3,''),(1186,'2013-08-21 04:41:05',1,12,'1150','2013-11-03 11:00:00-07:00 - Minnesota Vikings at Dallas Cowboys',3,''),(1187,'2013-08-21 04:41:05',1,12,'1149','2013-11-03 11:00:00-07:00 - Atlanta Falcons at Carolina Panthers',3,''),(1188,'2013-08-21 04:41:05',1,12,'1148','2013-11-03 11:00:00-07:00 - San Diego Chargers at Washington Redskins',3,''),(1189,'2013-08-21 04:41:05',1,12,'1147','2013-11-03 11:00:00-07:00 - Kansas City Chiefs at Buffalo Bills',3,''),(1190,'2013-08-21 04:41:05',1,12,'1146','2013-10-31 19:25:00-06:00 - Cincinnati Bengals at Miami Dolphins',3,''),(1191,'2013-08-21 04:41:05',1,12,'1145','2013-10-28 19:30:00-06:00 - Seattle Seahawks at St. Louis Rams',3,''),(1192,'2013-08-21 04:41:05',1,12,'1144','2013-10-27 19:30:00-06:00 - Green Bay Packers at Minnesota Vikings',3,''),(1193,'2013-08-21 04:41:05',1,12,'1143','2013-10-27 15:25:00-06:00 - Atlanta Falcons at Arizona Cardinals',3,''),(1194,'2013-08-21 04:41:05',1,12,'1142','2013-10-27 15:25:00-06:00 - Washington Redskins at Denver Broncos',3,''),(1195,'2013-08-21 04:41:05',1,12,'1141','2013-10-27 15:05:00-06:00 - New York Jets at Cincinnati Bengals',3,''),(1196,'2013-08-21 04:41:05',1,12,'1140','2013-10-27 15:05:00-06:00 - Pittsburgh Steelers at Oakland Raiders',3,''),(1197,'2013-08-21 04:41:05',1,12,'1139','2013-10-27 12:00:00-06:00 - San Francisco 49ers at Jacksonville Jaguars',3,''),(1198,'2013-08-21 04:41:05',1,12,'1138','2013-10-27 12:00:00-06:00 - New York Giants at Philadelphia Eagles',3,''),(1199,'2013-08-21 04:41:05',1,12,'1137','2013-10-27 12:00:00-06:00 - Buffalo Bills at New Orleans Saints',3,''),(1200,'2013-08-21 04:41:05',1,12,'1136','2013-10-27 12:00:00-06:00 - Miami Dolphins at New England Patriots',3,''),(1201,'2013-08-21 04:41:05',1,12,'1135','2013-10-27 12:00:00-06:00 - Cleveland Browns at Kansas City Chiefs',3,''),(1202,'2013-08-21 04:41:05',1,12,'1134','2013-10-27 12:00:00-06:00 - Dallas Cowboys at Detroit Lions',3,''),(1203,'2013-08-21 04:41:05',1,12,'1133','2013-10-24 19:25:00-06:00 - Carolina Panthers at Tampa Bay Buccaneers',3,''),(1204,'2013-08-21 04:41:05',1,12,'1132','2013-10-21 19:30:00-06:00 - Minnesota Vikings at New York Giants',3,''),(1205,'2013-08-21 04:41:05',1,12,'1131','2013-10-20 19:30:00-06:00 - Denver Broncos at Indianapolis Colts',3,''),(1206,'2013-08-21 04:41:05',1,12,'1130','2013-10-20 15:25:00-06:00 - Cleveland Browns at Green Bay Packers',3,''),(1207,'2013-08-21 04:41:05',1,12,'1129','2013-10-20 15:25:00-06:00 - Baltimore Ravens at Pittsburgh Steelers',3,''),(1208,'2013-08-21 04:41:05',1,12,'1128','2013-10-20 15:05:00-06:00 - San Francisco 49ers at Tennessee Titans',3,''),(1209,'2013-08-21 04:41:05',1,12,'1127','2013-10-20 12:00:00-06:00 - San Diego Chargers at Jacksonville Jaguars',3,''),(1210,'2013-08-21 04:41:05',1,12,'1126','2013-10-20 12:00:00-06:00 - St. Louis Rams at Carolina Panthers',3,''),(1211,'2013-08-21 04:41:05',1,12,'1125','2013-10-20 12:00:00-06:00 - Chicago Bears at Washington Redskins',3,''),(1212,'2013-08-21 04:41:05',1,12,'1124','2013-10-20 12:00:00-06:00 - Dallas Cowboys at Philadelphia Eagles',3,''),(1213,'2013-08-21 04:41:05',1,12,'1123','2013-10-20 12:00:00-06:00 - New England Patriots at New York Jets',3,''),(1214,'2013-08-21 04:41:05',1,12,'1122','2013-10-20 12:00:00-06:00 - Buffalo Bills at Miami Dolphins',3,''),(1215,'2013-08-21 04:41:05',1,12,'1121','2013-10-20 12:00:00-06:00 - Houston Texans at Kansas City Chiefs',3,''),(1216,'2013-08-21 04:41:05',1,12,'1120','2013-10-20 12:00:00-06:00 - Cincinnati Bengals at Detroit Lions',3,''),(1217,'2013-08-21 04:41:05',1,12,'1119','2013-10-20 12:00:00-06:00 - Tampa Bay Buccaneers at Atlanta Falcons',3,''),(1218,'2013-08-21 04:41:05',1,12,'1118','2013-10-17 19:25:00-06:00 - Seattle Seahawks at Arizona Cardinals',3,''),(1219,'2013-08-21 04:41:05',1,12,'1117','2013-10-14 19:30:00-06:00 - Indianapolis Colts at San Diego Chargers',3,''),(1220,'2013-08-21 04:41:05',1,12,'1116','2013-10-13 19:30:00-06:00 - Washington Redskins at Dallas Cowboys',3,''),(1221,'2013-08-21 04:41:05',1,12,'1115','2013-10-13 15:25:00-06:00 - Arizona Cardinals at San Francisco 49ers',3,''),(1222,'2013-08-21 04:41:05',1,12,'1114','2013-10-13 15:25:00-06:00 - New Orleans Saints at New England Patriots',3,''),(1223,'2013-08-21 04:41:05',1,12,'1113','2013-10-13 15:05:00-06:00 - Tennessee Titans at Seattle Seahawks',3,''),(1224,'2013-08-21 04:41:05',1,12,'1112','2013-10-13 15:05:00-06:00 - Jacksonville Jaguars at Denver Broncos',3,''),(1225,'2013-08-21 04:41:05',1,12,'1111','2013-10-13 12:00:00-06:00 - Pittsburgh Steelers at New York Jets',3,''),(1226,'2013-08-21 04:41:05',1,12,'1110','2013-10-13 12:00:00-06:00 - St. Louis Rams at Houston Texans',3,''),(1227,'2013-08-21 04:41:05',1,12,'1109','2013-10-13 12:00:00-06:00 - Green Bay Packers at Baltimore Ravens',3,''),(1228,'2013-08-21 04:41:05',1,12,'1108','2013-10-13 12:00:00-06:00 - Philadelphia Eagles at Tampa Bay Buccaneers',3,''),(1229,'2013-08-21 04:41:05',1,12,'1107','2013-10-13 12:00:00-06:00 - Carolina Panthers at Minnesota Vikings',3,''),(1230,'2013-08-21 04:41:05',1,12,'1106','2013-10-13 12:00:00-06:00 - Oakland Raiders at Kansas City Chiefs',3,''),(1231,'2013-08-21 04:41:05',1,12,'1105','2013-10-13 12:00:00-06:00 - Detroit Lions at Cleveland Browns',3,''),(1232,'2013-08-21 04:41:05',1,12,'1104','2013-10-13 12:00:00-06:00 - Cincinnati Bengals at Buffalo Bills',3,''),(1233,'2013-08-21 04:41:05',1,12,'1103','2013-10-10 19:25:00-06:00 - New York Giants at Chicago Bears',3,''),(1234,'2013-08-21 04:41:05',1,12,'1102','2013-10-07 19:30:00-06:00 - New York Jets at Atlanta Falcons',3,''),(1235,'2013-08-21 04:41:05',1,12,'1101','2013-10-06 19:30:00-06:00 - Houston Texans at San Francisco 49ers',3,''),(1236,'2013-08-21 04:41:05',1,12,'1100','2013-10-06 15:25:00-06:00 - San Diego Chargers at Oakland Raiders',3,''),(1237,'2013-08-21 04:41:05',1,12,'1099','2013-10-06 15:25:00-06:00 - Denver Broncos at Dallas Cowboys',3,''),(1238,'2013-08-21 04:41:05',1,12,'1098','2013-10-06 15:05:00-06:00 - Carolina Panthers at Arizona Cardinals',3,''),(1239,'2013-08-21 04:41:05',1,12,'1097','2013-10-06 12:00:00-06:00 - Seattle Seahawks at Indianapolis Colts',3,''),(1240,'2013-08-21 04:41:05',1,12,'1096','2013-10-06 12:00:00-06:00 - Kansas City Chiefs at Tennessee Titans',3,''),(1241,'2013-08-21 04:41:05',1,12,'1095','2013-10-06 12:00:00-06:00 - Detroit Lions at Green Bay Packers',3,''),(1242,'2013-08-21 04:41:05',1,12,'1094','2013-10-06 12:00:00-06:00 - Philadelphia Eagles at New York Giants',3,''),(1243,'2013-08-21 04:41:05',1,12,'1093','2013-10-06 12:00:00-06:00 - Baltimore Ravens at Miami Dolphins',3,''),(1244,'2013-08-21 04:41:05',1,12,'1092','2013-10-06 12:00:00-06:00 - Jacksonville Jaguars at St. Louis Rams',3,''),(1245,'2013-08-21 04:41:05',1,12,'1091','2013-10-06 12:00:00-06:00 - New England Patriots at Cincinnati Bengals',3,''),(1246,'2013-08-21 04:41:05',1,12,'1090','2013-10-06 12:00:00-06:00 - New Orleans Saints at Chicago Bears',3,''),(1247,'2013-08-21 04:41:05',1,12,'1089','2013-10-03 19:25:00-06:00 - Buffalo Bills at Cleveland Browns',3,''),(1248,'2013-08-21 04:41:05',1,12,'1088','2013-09-30 19:30:00-06:00 - Miami Dolphins at New Orleans Saints',3,''),(1249,'2013-08-21 04:41:05',1,12,'1087','2013-09-29 19:30:00-06:00 - New England Patriots at Atlanta Falcons',3,''),(1250,'2013-08-21 04:41:05',1,12,'1086','2013-09-29 15:25:00-06:00 - Washington Redskins at Oakland Raiders',3,''),(1251,'2013-08-21 04:41:05',1,12,'1085','2013-09-29 15:25:00-06:00 - Dallas Cowboys at San Diego Chargers',3,''),(1252,'2013-08-21 04:41:05',1,12,'1084','2013-09-29 15:25:00-06:00 - Philadelphia Eagles at Denver Broncos',3,''),(1253,'2013-08-21 04:41:05',1,12,'1083','2013-09-29 15:05:00-06:00 - New York Jets at Tennessee Titans',3,''),(1254,'2013-08-21 04:41:05',1,12,'1082','2013-09-29 12:00:00-06:00 - Seattle Seahawks at Houston Texans',3,''),(1255,'2013-08-21 04:41:11',1,12,'1081','2013-09-29 12:00:00-06:00 - Indianapolis Colts at Jacksonville Jaguars',3,''),(1256,'2013-08-21 04:41:11',1,12,'1080','2013-09-29 12:00:00-06:00 - Arizona Cardinals at Tampa Bay Buccaneers',3,''),(1257,'2013-08-21 04:41:11',1,12,'1079','2013-09-29 12:00:00-06:00 - Pittsburgh Steelers at Minnesota Vikings',3,''),(1258,'2013-08-21 04:41:11',1,12,'1078','2013-09-29 12:00:00-06:00 - New York Giants at Kansas City Chiefs',3,''),(1259,'2013-08-21 04:41:11',1,12,'1077','2013-09-29 12:00:00-06:00 - Chicago Bears at Detroit Lions',3,''),(1260,'2013-08-21 04:41:11',1,12,'1076','2013-09-29 12:00:00-06:00 - Cincinnati Bengals at Cleveland Browns',3,''),(1261,'2013-08-21 04:41:11',1,12,'1075','2013-09-29 12:00:00-06:00 - Baltimore Ravens at Buffalo Bills',3,''),(1262,'2013-08-21 04:41:11',1,12,'1074','2013-09-26 19:25:00-06:00 - San Francisco 49ers at St. Louis Rams',3,''),(1263,'2013-08-21 04:41:11',1,12,'1073','2013-09-23 19:30:00-06:00 - Oakland Raiders at Denver Broncos',3,''),(1264,'2013-08-21 04:41:11',1,12,'1072','2013-09-22 19:30:00-06:00 - Chicago Bears at Pittsburgh Steelers',3,''),(1265,'2013-08-21 04:41:11',1,12,'1071','2013-09-22 15:25:00-06:00 - Jacksonville Jaguars at Seattle Seahawks',3,''),(1266,'2013-08-21 04:41:11',1,12,'1070','2013-09-22 15:25:00-06:00 - Indianapolis Colts at San Francisco 49ers',3,''),(1267,'2013-08-21 04:41:11',1,12,'1069','2013-09-22 15:25:00-06:00 - Buffalo Bills at New York Jets',3,''),(1268,'2013-08-21 04:41:11',1,12,'1068','2013-09-22 15:05:00-06:00 - Atlanta Falcons at Miami Dolphins',3,''),(1269,'2013-08-21 04:41:11',1,12,'1067','2013-09-22 12:00:00-06:00 - Houston Texans at Baltimore Ravens',3,''),(1270,'2013-08-21 04:41:11',1,12,'1066','2013-09-22 12:00:00-06:00 - New York Giants at Carolina Panthers',3,''),(1271,'2013-08-21 04:41:11',1,12,'1065','2013-09-22 12:00:00-06:00 - Detroit Lions at Washington Redskins',3,''),(1272,'2013-08-21 04:41:11',1,12,'1064','2013-09-22 12:00:00-06:00 - Arizona Cardinals at New Orleans Saints',3,''),(1273,'2013-08-21 04:41:11',1,12,'1063','2013-09-22 12:00:00-06:00 - Tampa Bay Buccaneers at New England Patriots',3,''),(1274,'2013-08-21 04:41:11',1,12,'1062','2013-09-22 12:00:00-06:00 - Cleveland Browns at Minnesota Vikings',3,''),(1275,'2013-08-21 04:41:11',1,12,'1061','2013-09-22 12:00:00-06:00 - San Diego Chargers at Tennessee Titans',3,''),(1276,'2013-08-21 04:41:11',1,12,'1060','2013-09-22 12:00:00-06:00 - St. Louis Rams at Dallas Cowboys',3,''),(1277,'2013-08-21 04:41:11',1,12,'1059','2013-09-22 12:00:00-06:00 - Green Bay Packers at Cincinnati Bengals',3,''),(1278,'2013-08-21 04:41:11',1,12,'1058','2013-09-19 19:25:00-06:00 - Kansas City Chiefs at Philadelphia Eagles',3,''),(1279,'2013-08-21 04:41:11',1,12,'1057','2013-09-16 19:30:00-06:00 - Pittsburgh Steelers at Cincinnati Bengals',3,''),(1280,'2013-08-21 04:41:11',1,12,'1056','2013-09-15 19:30:00-06:00 - San Francisco 49ers at Seattle Seahawks',3,''),(1281,'2013-08-21 04:41:11',1,12,'1055','2013-09-15 15:25:00-06:00 - Denver Broncos at New York Giants',3,''),(1282,'2013-08-21 04:41:11',1,12,'1054','2013-09-15 15:25:00-06:00 - Jacksonville Jaguars at Oakland Raiders',3,''),(1283,'2013-08-21 04:41:11',1,12,'1053','2013-09-15 15:05:00-06:00 - New Orleans Saints at Tampa Bay Buccaneers',3,''),(1284,'2013-08-21 04:41:11',1,12,'1052','2013-09-15 15:05:00-06:00 - Detroit Lions at Arizona Cardinals',3,''),(1285,'2013-08-21 04:41:11',1,12,'1051','2013-09-15 12:00:00-06:00 - San Diego Chargers at Philadelphia Eagles',3,''),(1286,'2013-08-21 04:41:11',1,12,'1050','2013-09-15 12:00:00-06:00 - Tennessee Titans at Houston Texans',3,''),(1287,'2013-08-21 04:41:11',1,12,'1049','2013-09-15 12:00:00-06:00 - Cleveland Browns at Baltimore Ravens',3,''),(1288,'2013-08-21 04:41:11',1,12,'1048','2013-09-15 12:00:00-06:00 - Dallas Cowboys at Kansas City Chiefs',3,''),(1289,'2013-08-21 04:41:11',1,12,'1047','2013-09-15 12:00:00-06:00 - Miami Dolphins at Indianapolis Colts',3,''),(1290,'2013-08-21 04:41:11',1,12,'1046','2013-09-15 12:00:00-06:00 - Washington Redskins at Green Bay Packers',3,''),(1291,'2013-08-21 04:41:11',1,12,'1045','2013-09-15 12:00:00-06:00 - Minnesota Vikings at Chicago Bears',3,''),(1292,'2013-08-21 04:41:11',1,12,'1044','2013-09-15 12:00:00-06:00 - Carolina Panthers at Buffalo Bills',3,''),(1293,'2013-08-21 04:41:11',1,12,'1043','2013-09-15 12:00:00-06:00 - St. Louis Rams at Atlanta Falcons',3,''),(1294,'2013-08-21 04:41:11',1,12,'1042','2013-09-12 19:25:00-06:00 - New York Jets at New England Patriots',3,''),(1295,'2013-08-21 04:41:11',1,12,'1041','2013-09-09 21:15:00-06:00 - Houston Texans at San Diego Chargers',3,''),(1296,'2013-08-21 04:41:11',1,12,'1040','2013-09-09 18:00:00-06:00 - Philadelphia Eagles at Washington Redskins',3,''),(1297,'2013-08-21 04:41:11',1,12,'1039','2013-09-08 19:30:00-06:00 - New York Giants at Dallas Cowboys',3,''),(1298,'2013-08-21 04:41:11',1,12,'1038','2013-09-08 15:25:00-06:00 - Green Bay Packers at San Francisco 49ers',3,''),(1299,'2013-08-21 04:41:11',1,12,'1037','2013-09-08 15:25:00-06:00 - Arizona Cardinals at St. Louis Rams',3,''),(1300,'2013-08-21 04:41:11',1,12,'1036','2013-09-08 12:00:00-06:00 - Kansas City Chiefs at Jacksonville Jaguars',3,''),(1301,'2013-08-21 04:41:11',1,12,'1035','2013-09-08 12:00:00-06:00 - Seattle Seahawks at Carolina Panthers',3,''),(1302,'2013-08-21 04:41:11',1,12,'1034','2013-09-08 12:00:00-06:00 - Oakland Raiders at Indianapolis Colts',3,''),(1303,'2013-08-21 04:41:11',1,12,'1033','2013-09-08 12:00:00-06:00 - Minnesota Vikings at Detroit Lions',3,''),(1304,'2013-08-21 04:41:11',1,12,'1032','2013-09-08 12:00:00-06:00 - Tennessee Titans at Pittsburgh Steelers',3,''),(1305,'2013-08-21 04:41:11',1,12,'1031','2013-09-08 12:00:00-06:00 - Tampa Bay Buccaneers at New York Jets',3,''),(1306,'2013-08-21 04:41:11',1,12,'1030','2013-09-08 12:00:00-06:00 - Atlanta Falcons at New Orleans Saints',3,''),(1307,'2013-08-21 04:41:11',1,12,'1029','2013-09-08 12:00:00-06:00 - Miami Dolphins at Cleveland Browns',3,''),(1308,'2013-08-21 04:41:11',1,12,'1028','2013-09-08 12:00:00-06:00 - Cincinnati Bengals at Chicago Bears',3,''),(1309,'2013-08-21 04:41:11',1,12,'1027','2013-09-08 12:00:00-06:00 - New England Patriots at Buffalo Bills',3,''),(1310,'2013-08-21 04:41:11',1,12,'1026','2013-09-05 19:30:00-06:00 - Baltimore Ravens at Denver Broncos',3,''),(1311,'2013-08-22 02:57:44',1,3,'2','mjoneson',1,''),(1312,'2013-08-22 02:57:49',1,3,'2','mjoneson',2,'Changed password.'),(1313,'2013-08-22 07:06:34',1,11,'32','Houston Texans',3,''),(1314,'2013-08-22 07:06:34',1,11,'31','Jacksonville Jaguars',3,''),(1315,'2013-08-22 07:06:34',1,11,'30','Indianapolis Colts',3,''),(1316,'2013-08-22 07:06:34',1,11,'29','Tennessee Titans',3,''),(1317,'2013-08-22 07:06:34',1,11,'28','Baltimore Ravens',3,''),(1318,'2013-08-22 07:06:34',1,11,'27','Pittsburgh Steelers',3,''),(1319,'2013-08-22 07:06:34',1,11,'26','Cleveland Browns',3,''),(1320,'2013-08-22 07:06:34',1,11,'25','Cincinnati Bengals',3,''),(1321,'2013-08-22 07:06:34',1,11,'24','San Diego Chargers',3,''),(1322,'2013-08-22 07:06:34',1,11,'23','Oakland Raiders',3,''),(1323,'2013-08-22 07:06:34',1,11,'22','Kansas City Chiefs',3,''),(1324,'2013-08-22 07:06:34',1,11,'21','Denver Broncos',3,''),(1325,'2013-08-22 07:06:34',1,11,'20','New York Jets',3,''),(1326,'2013-08-22 07:06:34',1,11,'19','New England Patriots',3,''),(1327,'2013-08-22 07:06:34',1,11,'18','Miami Dolphins',3,''),(1328,'2013-08-22 07:06:34',1,11,'17','Buffalo Bills',3,''),(1329,'2013-08-22 07:06:34',1,11,'16','Carolina Panthers',3,''),(1330,'2013-08-22 07:06:34',1,11,'15','Tampa Bay Buccaneers',3,''),(1331,'2013-08-22 07:06:34',1,11,'14','New Orleans Saints',3,''),(1332,'2013-08-22 07:06:34',1,11,'13','Atlanta Falcons',3,''),(1333,'2013-08-22 07:06:34',1,11,'12','Minnesota Vikings',3,''),(1334,'2013-08-22 07:06:34',1,11,'11','Green Bay Packers',3,''),(1335,'2013-08-22 07:06:34',1,11,'10','Detroit Lions',3,''),(1336,'2013-08-22 07:06:34',1,11,'9','Chicago Bears',3,''),(1337,'2013-08-22 07:06:34',1,11,'8','Seattle Seahawks',3,''),(1338,'2013-08-22 07:06:34',1,11,'7','San Francisco 49ers',3,''),(1339,'2013-08-22 07:06:34',1,11,'6','Arizona Cardinals',3,''),(1340,'2013-08-22 07:06:34',1,11,'5','St. Louis Rams',3,''),(1341,'2013-08-22 07:06:34',1,11,'4','Washington Redskins',3,''),(1342,'2013-08-22 07:06:34',1,11,'3','Philadelphia Eagles',3,''),(1343,'2013-08-22 07:06:34',1,11,'2','New York Giants',3,''),(1344,'2013-08-22 07:06:34',1,11,'1','Dallas Cowboys',3,''),(1345,'2013-08-22 07:06:47',1,11,'64','Houston Texans',3,''),(1346,'2013-08-22 07:06:47',1,11,'63','Jacksonville Jaguars',3,''),(1347,'2013-08-22 07:06:47',1,11,'62','Indianapolis Colts',3,''),(1348,'2013-08-22 07:06:47',1,11,'61','Tennessee Titans',3,''),(1349,'2013-08-22 07:06:47',1,11,'60','Baltimore Ravens',3,''),(1350,'2013-08-22 07:06:47',1,11,'59','Pittsburgh Steelers',3,''),(1351,'2013-08-22 07:06:47',1,11,'58','Cleveland Browns',3,''),(1352,'2013-08-22 07:06:47',1,11,'57','Cincinnati Bengals',3,''),(1353,'2013-08-22 07:06:47',1,11,'56','San Diego Chargers',3,''),(1354,'2013-08-22 07:06:47',1,11,'55','Oakland Raiders',3,''),(1355,'2013-08-22 07:06:47',1,11,'54','Kansas City Chiefs',3,''),(1356,'2013-08-22 07:06:47',1,11,'53','Denver Broncos',3,''),(1357,'2013-08-22 07:06:47',1,11,'52','New York Jets',3,''),(1358,'2013-08-22 07:06:47',1,11,'51','New England Patriots',3,''),(1359,'2013-08-22 07:06:47',1,11,'50','Miami Dolphins',3,''),(1360,'2013-08-22 07:06:47',1,11,'49','Buffalo Bills',3,''),(1361,'2013-08-22 07:06:47',1,11,'48','Carolina Panthers',3,''),(1362,'2013-08-22 07:06:47',1,11,'47','Tampa Bay Buccaneers',3,''),(1363,'2013-08-22 07:06:47',1,11,'46','New Orleans Saints',3,''),(1364,'2013-08-22 07:06:47',1,11,'45','Atlanta Falcons',3,''),(1365,'2013-08-22 07:06:47',1,11,'44','Minnesota Vikings',3,''),(1366,'2013-08-22 07:06:47',1,11,'43','Green Bay Packers',3,''),(1367,'2013-08-22 07:06:47',1,11,'42','Detroit Lions',3,''),(1368,'2013-08-22 07:06:47',1,11,'41','Chicago Bears',3,''),(1369,'2013-08-22 07:06:47',1,11,'40','Seattle Seahawks',3,''),(1370,'2013-08-22 07:06:47',1,11,'39','San Francisco 49ers',3,''),(1371,'2013-08-22 07:06:47',1,11,'38','Arizona Cardinals',3,''),(1372,'2013-08-22 07:06:47',1,11,'37','St. Louis Rams',3,''),(1373,'2013-08-22 07:06:47',1,11,'36','Washington Redskins',3,''),(1374,'2013-08-22 07:06:47',1,11,'35','Philadelphia Eagles',3,''),(1375,'2013-08-22 07:06:47',1,11,'34','New York Giants',3,''),(1376,'2013-08-22 07:06:47',1,11,'33','Dallas Cowboys',3,'');
/*!40000 ALTER TABLE `django_admin_log` ENABLE KEYS */;
UNLOCK TABLES;

--
-- Table structure for table `django_content_type`
--

DROP TABLE IF EXISTS `django_content_type`;
/*!40101 SET @saved_cs_client     = @@character_set_client */;
/*!40101 SET character_set_client = utf8 */;
CREATE TABLE `django_content_type` (
  `id` int(11) NOT NULL AUTO_INCREMENT,
  `name` varchar(100) NOT NULL,
  `app_label` varchar(100) NOT NULL,
  `model` varchar(100) NOT NULL,
  PRIMARY KEY (`id`),
  UNIQUE KEY `app_label` (`app_label`,`model`)
) ENGINE=InnoDB AUTO_INCREMENT=15 DEFAULT CHARSET=latin1;
/*!40101 SET character_set_client = @saved_cs_client */;

--
-- Dumping data for table `django_content_type`
--

LOCK TABLES `django_content_type` WRITE;
/*!40000 ALTER TABLE `django_content_type` DISABLE KEYS */;
INSERT INTO `django_content_type` VALUES (1,'permission','auth','permission'),(2,'group','auth','group'),(3,'user','auth','user'),(4,'content type','contenttypes','contenttype'),(5,'session','sessions','session'),(6,'site','sites','site'),(7,'log entry','admin','logentry'),(8,'league','teams','league'),(9,'conference','teams','conference'),(10,'division','teams','division'),(11,'team','teams','team'),(12,'matchup','matchups','matchup'),(14,'pick','matchups','pick');
/*!40000 ALTER TABLE `django_content_type` ENABLE KEYS */;
UNLOCK TABLES;

--
-- Table structure for table `django_session`
--

DROP TABLE IF EXISTS `django_session`;
/*!40101 SET @saved_cs_client     = @@character_set_client */;
/*!40101 SET character_set_client = utf8 */;
CREATE TABLE `django_session` (
  `session_key` varchar(40) NOT NULL,
  `session_data` longtext NOT NULL,
  `expire_date` datetime NOT NULL,
  PRIMARY KEY (`session_key`),
  KEY `django_session_b7b81f0c` (`expire_date`)
) ENGINE=InnoDB DEFAULT CHARSET=latin1;
/*!40101 SET character_set_client = @saved_cs_client */;

--
-- Dumping data for table `django_session`
--

LOCK TABLES `django_session` WRITE;
/*!40000 ALTER TABLE `django_session` DISABLE KEYS */;
INSERT INTO `django_session` VALUES ('5ke9q2tamunv1e71aucggpdyiva4sg1u','ZDU4Nzg5ZTk3Y2E0MzNjMDUwZjJjOWQ4NzYxZTg3OTYwOGZlMTliYTqAAn1xAShVEl9hdXRoX3VzZXJfYmFja2VuZHECVSlkamFuZ28uY29udHJpYi5hdXRoLmJhY2tlbmRzLk1vZGVsQmFja2VuZHEDVQ1fYXV0aF91c2VyX2lkcQSKAQF1Lg==','2013-08-29 02:34:26'),('di1phbtdzm839dvmkiv0avugcgcdczhj','ZDU4Nzg5ZTk3Y2E0MzNjMDUwZjJjOWQ4NzYxZTg3OTYwOGZlMTliYTqAAn1xAShVEl9hdXRoX3VzZXJfYmFja2VuZHECVSlkamFuZ28uY29udHJpYi5hdXRoLmJhY2tlbmRzLk1vZGVsQmFja2VuZHEDVQ1fYXV0aF91c2VyX2lkcQSKAQF1Lg==','2013-09-05 02:58:40'),('g9h79bi01225qjadef91jis2el92jo0p','ZDU4Nzg5ZTk3Y2E0MzNjMDUwZjJjOWQ4NzYxZTg3OTYwOGZlMTliYTqAAn1xAShVEl9hdXRoX3VzZXJfYmFja2VuZHECVSlkamFuZ28uY29udHJpYi5hdXRoLmJhY2tlbmRzLk1vZGVsQmFja2VuZHEDVQ1fYXV0aF91c2VyX2lkcQSKAQF1Lg==','2013-08-27 03:53:37'),('h6gs3ru5lurse7is37kn19djcb99p7y5','ZDU4Nzg5ZTk3Y2E0MzNjMDUwZjJjOWQ4NzYxZTg3OTYwOGZlMTliYTqAAn1xAShVEl9hdXRoX3VzZXJfYmFja2VuZHECVSlkamFuZ28uY29udHJpYi5hdXRoLmJhY2tlbmRzLk1vZGVsQmFja2VuZHEDVQ1fYXV0aF91c2VyX2lkcQSKAQF1Lg==','2013-09-02 00:09:46'),('n2zynf4aj1b552xb4w5kee8g2nxjo67t','ZDU4Nzg5ZTk3Y2E0MzNjMDUwZjJjOWQ4NzYxZTg3OTYwOGZlMTliYTqAAn1xAShVEl9hdXRoX3VzZXJfYmFja2VuZHECVSlkamFuZ28uY29udHJpYi5hdXRoLmJhY2tlbmRzLk1vZGVsQmFja2VuZHEDVQ1fYXV0aF91c2VyX2lkcQSKAQF1Lg==','2013-08-29 11:30:38'),('okj6akafyx5zhvsld651mctudaq9zjps','ZDU4Nzg5ZTk3Y2E0MzNjMDUwZjJjOWQ4NzYxZTg3OTYwOGZlMTliYTqAAn1xAShVEl9hdXRoX3VzZXJfYmFja2VuZHECVSlkamFuZ28uY29udHJpYi5hdXRoLmJhY2tlbmRzLk1vZGVsQmFja2VuZHEDVQ1fYXV0aF91c2VyX2lkcQSKAQF1Lg==','2013-09-03 05:13:56'),('pgxsn42vla76b0p6vqv51nsl8rmqbvfq','ZDU4Nzg5ZTk3Y2E0MzNjMDUwZjJjOWQ4NzYxZTg3OTYwOGZlMTliYTqAAn1xAShVEl9hdXRoX3VzZXJfYmFja2VuZHECVSlkamFuZ28uY29udHJpYi5hdXRoLmJhY2tlbmRzLk1vZGVsQmFja2VuZHEDVQ1fYXV0aF91c2VyX2lkcQSKAQF1Lg==','2013-09-02 04:29:38'),('rxvhd8kyrq5lyjwdcsqjk6z91wfcc23r','Y2E5M2M5MTQzNWU2YWQwMmYyMjk1MzEzZWMwNGNkYmQ0NTM5OWI5ODqAAn1xAVgKAAAAdGVzdGNvb2tpZXECWAYAAAB3b3JrZWRxA3Mu','2013-08-24 20:14:41'),('ub9em9os1f75mrzh93kxe5ru01qs9l44','ZDU4Nzg5ZTk3Y2E0MzNjMDUwZjJjOWQ4NzYxZTg3OTYwOGZlMTliYTqAAn1xAShVEl9hdXRoX3VzZXJfYmFja2VuZHECVSlkamFuZ28uY29udHJpYi5hdXRoLmJhY2tlbmRzLk1vZGVsQmFja2VuZHEDVQ1fYXV0aF91c2VyX2lkcQSKAQF1Lg==','2013-09-04 03:50:24');
/*!40000 ALTER TABLE `django_session` ENABLE KEYS */;
UNLOCK TABLES;

--
-- Table structure for table `django_site`
--

DROP TABLE IF EXISTS `django_site`;
/*!40101 SET @saved_cs_client     = @@character_set_client */;
/*!40101 SET character_set_client = utf8 */;
CREATE TABLE `django_site` (
  `id` int(11) NOT NULL AUTO_INCREMENT,
  `domain` varchar(100) NOT NULL,
  `name` varchar(50) NOT NULL,
  PRIMARY KEY (`id`)
) ENGINE=InnoDB AUTO_INCREMENT=2 DEFAULT CHARSET=latin1;
/*!40101 SET character_set_client = @saved_cs_client */;

--
-- Dumping data for table `django_site`
--

LOCK TABLES `django_site` WRITE;
/*!40000 ALTER TABLE `django_site` DISABLE KEYS */;
INSERT INTO `django_site` VALUES (1,'example.com','example.com');
/*!40000 ALTER TABLE `django_site` ENABLE KEYS */;
UNLOCK TABLES;

--
-- Table structure for table `matchups_matchup`
--

DROP TABLE IF EXISTS `matchups_matchup`;
/*!40101 SET @saved_cs_client     = @@character_set_client */;
/*!40101 SET character_set_client = utf8 */;
CREATE TABLE `matchups_matchup` (
  `id` int(11) NOT NULL AUTO_INCREMENT,
  `home_team_id` int(11) NOT NULL,
  `away_team_id` int(11) NOT NULL,
  `home_team_score` smallint(6) NOT NULL,
  `away_team_score` smallint(6) NOT NULL,
  `date_time` datetime NOT NULL,
  PRIMARY KEY (`id`),
  KEY `matchups_matchup_d48a77b0` (`home_team_id`),
  KEY `matchups_matchup_c5009960` (`away_team_id`),
  CONSTRAINT `away_team_id_refs_id_542bd3cb` FOREIGN KEY (`away_team_id`) REFERENCES `teams_team` (`id`),
  CONSTRAINT `home_team_id_refs_id_542bd3cb` FOREIGN KEY (`home_team_id`) REFERENCES `teams_team` (`id`)
) ENGINE=InnoDB AUTO_INCREMENT=513 DEFAULT CHARSET=latin1;
/*!40101 SET character_set_client = @saved_cs_client */;

--
-- Dumping data for table `matchups_matchup`
--

LOCK TABLES `matchups_matchup` WRITE;
/*!40000 ALTER TABLE `matchups_matchup` DISABLE KEYS */;
INSERT INTO `matchups_matchup` VALUES (257,85,92,-1,-1,'2013-09-06 00:30:00'),(258,81,83,-1,-1,'2013-09-08 17:00:00'),(259,73,89,-1,-1,'2013-09-08 17:00:00'),(260,90,82,-1,-1,'2013-09-08 17:00:00'),(261,78,77,-1,-1,'2013-09-08 17:00:00'),(262,84,79,-1,-1,'2013-09-08 17:00:00'),(263,91,93,-1,-1,'2013-09-08 17:00:00'),(264,74,76,-1,-1,'2013-09-08 17:00:00'),(265,94,87,-1,-1,'2013-09-08 17:00:00'),(266,80,72,-1,-1,'2013-09-08 17:00:00'),(267,95,86,-1,-1,'2013-09-08 17:00:00'),(268,69,70,-1,-1,'2013-09-08 20:25:00'),(269,71,75,-1,-1,'2013-09-08 20:25:00'),(270,65,66,-1,-1,'2013-09-09 00:30:00'),(271,68,67,-1,-1,'2013-09-09 23:00:00'),(272,88,96,-1,-1,'2013-09-10 02:15:00'),(273,83,84,-1,-1,'2013-09-13 00:25:00'),(274,77,69,-1,-1,'2013-09-15 17:00:00'),(275,81,80,-1,-1,'2013-09-15 17:00:00'),(276,73,76,-1,-1,'2013-09-15 17:00:00'),(277,75,68,-1,-1,'2013-09-15 17:00:00'),(278,94,82,-1,-1,'2013-09-15 17:00:00'),(279,86,65,-1,-1,'2013-09-15 17:00:00'),(280,92,90,-1,-1,'2013-09-15 17:00:00'),(281,96,93,-1,-1,'2013-09-15 17:00:00'),(282,67,88,-1,-1,'2013-09-15 17:00:00'),(283,70,74,-1,-1,'2013-09-15 20:05:00'),(284,79,78,-1,-1,'2013-09-15 20:05:00'),(285,87,95,-1,-1,'2013-09-15 20:25:00'),(286,66,85,-1,-1,'2013-09-15 20:25:00'),(287,72,71,-1,-1,'2013-09-16 00:30:00'),(288,89,91,-1,-1,'2013-09-17 00:30:00'),(289,67,86,-1,-1,'2013-09-20 00:25:00'),(290,89,75,-1,-1,'2013-09-22 17:00:00'),(291,65,69,-1,-1,'2013-09-22 17:00:00'),(292,93,88,-1,-1,'2013-09-22 17:00:00'),(293,76,90,-1,-1,'2013-09-22 17:00:00'),(294,83,79,-1,-1,'2013-09-22 17:00:00'),(295,78,70,-1,-1,'2013-09-22 17:00:00'),(296,68,74,-1,-1,'2013-09-22 17:00:00'),(297,80,66,-1,-1,'2013-09-22 17:00:00'),(298,92,96,-1,-1,'2013-09-22 17:00:00'),(299,82,77,-1,-1,'2013-09-22 20:05:00'),(300,84,81,-1,-1,'2013-09-22 20:25:00'),(301,71,94,-1,-1,'2013-09-22 20:25:00'),(302,72,95,-1,-1,'2013-09-22 20:25:00'),(303,91,73,-1,-1,'2013-09-23 00:30:00'),(304,85,87,-1,-1,'2013-09-24 00:30:00'),(305,69,71,-1,-1,'2013-09-27 00:25:00'),(306,81,92,-1,-1,'2013-09-29 17:00:00'),(307,90,89,-1,-1,'2013-09-29 17:00:00'),(308,74,73,-1,-1,'2013-09-29 17:00:00'),(309,86,66,-1,-1,'2013-09-29 17:00:00'),(310,76,91,-1,-1,'2013-09-29 17:00:00'),(311,79,70,-1,-1,'2013-09-29 17:00:00'),(312,95,94,-1,-1,'2013-09-29 17:00:00'),(313,96,72,-1,-1,'2013-09-29 17:00:00'),(314,93,84,-1,-1,'2013-09-29 20:05:00'),(315,85,67,-1,-1,'2013-09-29 20:25:00'),(316,88,65,-1,-1,'2013-09-29 20:25:00'),(317,87,68,-1,-1,'2013-09-29 20:25:00'),(318,77,83,-1,-1,'2013-09-30 00:30:00'),(319,78,82,-1,-1,'2013-10-01 00:30:00'),(320,90,81,-1,-1,'2013-10-04 00:25:00'),(321,73,78,-1,-1,'2013-10-06 17:00:00'),(322,89,83,-1,-1,'2013-10-06 17:00:00'),(323,69,95,-1,-1,'2013-10-06 17:00:00'),(324,82,92,-1,-1,'2013-10-06 17:00:00'),(325,66,67,-1,-1,'2013-10-06 17:00:00'),(326,75,74,-1,-1,'2013-10-06 17:00:00'),(327,93,86,-1,-1,'2013-10-06 17:00:00'),(328,94,72,-1,-1,'2013-10-06 17:00:00'),(329,70,80,-1,-1,'2013-10-06 20:05:00'),(330,65,85,-1,-1,'2013-10-06 20:25:00'),(331,87,88,-1,-1,'2013-10-06 20:25:00'),(332,71,96,-1,-1,'2013-10-07 00:30:00'),(333,77,84,-1,-1,'2013-10-08 00:30:00'),(334,73,66,-1,-1,'2013-10-11 00:25:00'),(335,81,89,-1,-1,'2013-10-13 17:00:00'),(336,90,74,-1,-1,'2013-10-13 17:00:00'),(337,86,87,-1,-1,'2013-10-13 17:00:00'),(338,76,80,-1,-1,'2013-10-13 17:00:00'),(339,79,67,-1,-1,'2013-10-13 17:00:00'),(340,92,75,-1,-1,'2013-10-13 17:00:00'),(341,96,69,-1,-1,'2013-10-13 17:00:00'),(342,84,91,-1,-1,'2013-10-13 17:00:00'),(343,85,95,-1,-1,'2013-10-13 20:05:00'),(344,72,93,-1,-1,'2013-10-13 20:05:00'),(345,83,78,-1,-1,'2013-10-13 20:25:00'),(346,71,70,-1,-1,'2013-10-13 20:25:00'),(347,65,68,-1,-1,'2013-10-14 00:30:00'),(348,88,94,-1,-1,'2013-10-15 00:30:00'),(349,70,72,-1,-1,'2013-10-18 00:25:00'),(350,77,79,-1,-1,'2013-10-20 17:00:00'),(351,74,89,-1,-1,'2013-10-20 17:00:00'),(352,86,96,-1,-1,'2013-10-20 17:00:00'),(353,82,81,-1,-1,'2013-10-20 17:00:00'),(354,84,83,-1,-1,'2013-10-20 17:00:00'),(355,67,65,-1,-1,'2013-10-20 17:00:00'),(356,68,73,-1,-1,'2013-10-20 17:00:00'),(357,80,69,-1,-1,'2013-10-20 17:00:00'),(358,95,88,-1,-1,'2013-10-20 17:00:00'),(359,93,71,-1,-1,'2013-10-20 20:05:00'),(360,91,92,-1,-1,'2013-10-20 20:25:00'),(361,75,90,-1,-1,'2013-10-20 20:25:00'),(362,94,85,-1,-1,'2013-10-21 00:30:00'),(363,66,76,-1,-1,'2013-10-22 00:30:00'),(364,79,80,-1,-1,'2013-10-25 00:25:00'),(365,74,65,-1,-1,'2013-10-27 17:00:00'),(366,86,90,-1,-1,'2013-10-27 17:00:00'),(367,83,82,-1,-1,'2013-10-27 17:00:00'),(368,78,81,-1,-1,'2013-10-27 17:00:00'),(369,67,66,-1,-1,'2013-10-27 17:00:00'),(370,95,71,-1,-1,'2013-10-27 17:00:00'),(371,87,91,-1,-1,'2013-10-27 20:05:00'),(372,89,84,-1,-1,'2013-10-27 20:05:00'),(373,85,68,-1,-1,'2013-10-27 20:25:00'),(374,70,77,-1,-1,'2013-10-27 20:25:00'),(375,76,75,-1,-1,'2013-10-28 00:30:00'),(376,69,72,-1,-1,'2013-10-29 00:30:00'),(377,82,89,-1,-1,'2013-11-01 00:25:00'),(378,81,86,-1,-1,'2013-11-03 18:00:00'),(379,68,88,-1,-1,'2013-11-03 18:00:00'),(380,80,77,-1,-1,'2013-11-03 18:00:00'),(381,65,76,-1,-1,'2013-11-03 18:00:00'),(382,69,93,-1,-1,'2013-11-03 18:00:00'),(383,84,78,-1,-1,'2013-11-03 18:00:00'),(384,72,79,-1,-1,'2013-11-03 21:05:00'),(385,87,67,-1,-1,'2013-11-03 21:05:00'),(386,83,91,-1,-1,'2013-11-03 21:25:00'),(387,90,92,-1,-1,'2013-11-03 21:25:00'),(388,96,94,-1,-1,'2013-11-04 01:30:00'),(389,75,73,-1,-1,'2013-11-05 01:30:00'),(390,76,68,-1,-1,'2013-11-08 01:25:00'),(391,77,72,-1,-1,'2013-11-10 18:00:00'),(392,73,74,-1,-1,'2013-11-10 18:00:00'),(393,75,67,-1,-1,'2013-11-10 18:00:00'),(394,93,95,-1,-1,'2013-11-10 18:00:00'),(395,94,69,-1,-1,'2013-11-10 18:00:00'),(396,66,87,-1,-1,'2013-11-10 18:00:00'),(397,91,81,-1,-1,'2013-11-10 18:00:00'),(398,92,89,-1,-1,'2013-11-10 18:00:00'),(399,71,80,-1,-1,'2013-11-10 21:05:00'),(400,88,85,-1,-1,'2013-11-10 21:25:00'),(401,70,96,-1,-1,'2013-11-10 21:25:00'),(402,78,65,-1,-1,'2013-11-11 01:30:00'),(403,79,82,-1,-1,'2013-11-12 01:30:00'),(404,93,94,-1,-1,'2013-11-15 01:25:00'),(405,81,84,-1,-1,'2013-11-17 18:00:00'),(406,73,92,-1,-1,'2013-11-17 18:00:00'),(407,89,90,-1,-1,'2013-11-17 18:00:00'),(408,79,77,-1,-1,'2013-11-17 18:00:00'),(409,95,70,-1,-1,'2013-11-17 18:00:00'),(410,96,87,-1,-1,'2013-11-17 18:00:00'),(411,82,88,-1,-1,'2013-11-17 18:00:00'),(412,67,68,-1,-1,'2013-11-17 18:00:00'),(413,91,74,-1,-1,'2013-11-17 18:00:00'),(414,85,86,-1,-1,'2013-11-17 21:05:00'),(415,72,76,-1,-1,'2013-11-17 21:25:00'),(416,78,71,-1,-1,'2013-11-17 21:25:00'),(417,66,75,-1,-1,'2013-11-18 01:30:00'),(418,80,83,-1,-1,'2013-11-19 01:30:00'),(419,77,78,-1,-1,'2013-11-22 01:25:00'),(420,90,91,-1,-1,'2013-11-24 18:00:00'),(421,74,79,-1,-1,'2013-11-24 18:00:00'),(422,75,76,-1,-1,'2013-11-24 18:00:00'),(423,86,88,-1,-1,'2013-11-24 18:00:00'),(424,69,73,-1,-1,'2013-11-24 18:00:00'),(425,82,80,-1,-1,'2013-11-24 18:00:00'),(426,92,84,-1,-1,'2013-11-24 18:00:00'),(427,96,95,-1,-1,'2013-11-24 18:00:00'),(428,70,94,-1,-1,'2013-11-24 21:05:00'),(429,87,93,-1,-1,'2013-11-24 21:05:00'),(430,66,65,-1,-1,'2013-11-24 21:25:00'),(431,83,85,-1,-1,'2013-11-25 01:30:00'),(432,68,71,-1,-1,'2013-11-26 01:30:00'),(433,74,75,-1,-1,'2013-11-28 05:30:00'),(434,65,87,-1,-1,'2013-11-28 21:30:00'),(435,92,91,-1,-1,'2013-11-29 01:30:00'),(436,80,79,-1,-1,'2013-12-01 18:00:00'),(437,90,95,-1,-1,'2013-12-01 18:00:00'),(438,94,93,-1,-1,'2013-12-01 18:00:00'),(439,86,85,-1,-1,'2013-12-01 18:00:00'),(440,76,73,-1,-1,'2013-12-01 18:00:00'),(441,84,82,-1,-1,'2013-12-01 18:00:00'),(442,67,70,-1,-1,'2013-12-01 18:00:00'),(443,81,77,-1,-1,'2013-12-01 21:05:00'),(444,71,69,-1,-1,'2013-12-01 21:05:00'),(445,96,83,-1,-1,'2013-12-01 21:25:00'),(446,88,89,-1,-1,'2013-12-01 21:25:00'),(447,68,66,-1,-1,'2013-12-02 01:30:00'),(448,72,78,-1,-1,'2013-12-03 01:30:00'),(449,95,96,-1,-1,'2013-12-06 01:25:00'),(450,89,94,-1,-1,'2013-12-08 18:00:00'),(451,79,81,-1,-1,'2013-12-08 18:00:00'),(452,68,86,-1,-1,'2013-12-08 18:00:00'),(453,92,76,-1,-1,'2013-12-08 18:00:00'),(454,83,90,-1,-1,'2013-12-08 18:00:00'),(455,78,80,-1,-1,'2013-12-08 18:00:00'),(456,84,87,-1,-1,'2013-12-08 18:00:00'),(457,67,74,-1,-1,'2013-12-08 18:00:00'),(458,91,82,-1,-1,'2013-12-08 18:00:00'),(459,85,93,-1,-1,'2013-12-08 21:05:00'),(460,88,66,-1,-1,'2013-12-08 21:25:00'),(461,71,72,-1,-1,'2013-12-08 21:25:00'),(462,70,69,-1,-1,'2013-12-08 21:25:00'),(463,75,77,-1,-1,'2013-12-09 01:30:00'),(464,73,65,-1,-1,'2013-12-10 01:30:00'),(465,85,88,-1,-1,'2013-12-13 01:25:00'),(466,77,68,-1,-1,'2013-12-15 18:00:00'),(467,90,73,-1,-1,'2013-12-15 18:00:00'),(468,93,70,-1,-1,'2013-12-15 18:00:00'),(469,94,96,-1,-1,'2013-12-15 18:00:00'),(470,69,78,-1,-1,'2013-12-15 18:00:00'),(471,82,83,-1,-1,'2013-12-15 18:00:00'),(472,76,67,-1,-1,'2013-12-15 18:00:00'),(473,66,72,-1,-1,'2013-12-15 18:00:00'),(474,95,81,-1,-1,'2013-12-15 18:00:00'),(475,79,71,-1,-1,'2013-12-15 18:00:00'),(476,80,84,-1,-1,'2013-12-15 21:05:00'),(477,87,86,-1,-1,'2013-12-15 21:05:00'),(478,65,75,-1,-1,'2013-12-15 21:25:00'),(479,91,89,-1,-1,'2013-12-16 01:30:00'),(480,74,92,-1,-1,'2013-12-17 01:30:00'),(481,81,82,-1,-1,'2013-12-22 18:00:00'),(482,89,76,-1,-1,'2013-12-22 18:00:00'),(483,86,94,-1,-1,'2013-12-22 18:00:00'),(484,69,79,-1,-1,'2013-12-22 18:00:00'),(485,84,90,-1,-1,'2013-12-22 18:00:00'),(486,67,73,-1,-1,'2013-12-22 18:00:00'),(487,68,65,-1,-1,'2013-12-22 18:00:00'),(488,80,78,-1,-1,'2013-12-22 18:00:00'),(489,95,93,-1,-1,'2013-12-22 18:00:00'),(490,96,85,-1,-1,'2013-12-22 18:00:00'),(491,72,70,-1,-1,'2013-12-22 21:05:00'),(492,74,66,-1,-1,'2013-12-22 21:05:00'),(493,75,91,-1,-1,'2013-12-22 21:25:00'),(494,88,87,-1,-1,'2013-12-22 21:25:00'),(495,92,83,-1,-1,'2013-12-23 01:30:00'),(496,71,77,-1,-1,'2013-12-24 01:30:00'),(497,77,80,-1,-1,'2013-12-29 18:00:00'),(498,73,75,-1,-1,'2013-12-29 18:00:00'),(499,89,92,-1,-1,'2013-12-29 18:00:00'),(500,65,67,-1,-1,'2013-12-29 18:00:00'),(501,93,96,-1,-1,'2013-12-29 18:00:00'),(502,94,95,-1,-1,'2013-12-29 18:00:00'),(503,91,90,-1,-1,'2013-12-29 18:00:00'),(504,82,84,-1,-1,'2013-12-29 18:00:00'),(505,76,74,-1,-1,'2013-12-29 18:00:00'),(506,83,81,-1,-1,'2013-12-29 18:00:00'),(507,78,79,-1,-1,'2013-12-29 18:00:00'),(508,66,68,-1,-1,'2013-12-29 18:00:00'),(509,70,71,-1,-1,'2013-12-29 21:25:00'),(510,88,86,-1,-1,'2013-12-29 21:25:00'),(511,72,69,-1,-1,'2013-12-29 21:25:00'),(512,87,85,-1,-1,'2013-12-29 21:25:00');
/*!40000 ALTER TABLE `matchups_matchup` ENABLE KEYS */;
UNLOCK TABLES;

--
-- Table structure for table `matchups_pick`
--

DROP TABLE IF EXISTS `matchups_pick`;
/*!40101 SET @saved_cs_client     = @@character_set_client */;
/*!40101 SET character_set_client = utf8 */;
CREATE TABLE `matchups_pick` (
  `id` int(11) NOT NULL AUTO_INCREMENT,
  `matchup_id` int(11) NOT NULL,
  `selected_team_id` int(11) NOT NULL,
  `user_id` int(11) NOT NULL,
  PRIMARY KEY (`id`),
  KEY `matchups_pick_9dfd04fb` (`matchup_id`),
  KEY `matchups_pick_e9e551de` (`selected_team_id`),
  KEY `matchups_pick_6340c63c` (`user_id`),
  CONSTRAINT `selected_team_id_refs_id_ba3369bf` FOREIGN KEY (`selected_team_id`) REFERENCES `teams_team` (`id`),
  CONSTRAINT `matchup_id_refs_id_389652ab` FOREIGN KEY (`matchup_id`) REFERENCES `matchups_matchup` (`id`),
  CONSTRAINT `user_id_refs_id_84cc1ac4` FOREIGN KEY (`user_id`) REFERENCES `auth_user` (`id`)
) ENGINE=InnoDB DEFAULT CHARSET=latin1;
/*!40101 SET character_set_client = @saved_cs_client */;

--
-- Dumping data for table `matchups_pick`
--

LOCK TABLES `matchups_pick` WRITE;
/*!40000 ALTER TABLE `matchups_pick` DISABLE KEYS */;
/*!40000 ALTER TABLE `matchups_pick` ENABLE KEYS */;
UNLOCK TABLES;

--
-- Table structure for table `teams_conference`
--

DROP TABLE IF EXISTS `teams_conference`;
/*!40101 SET @saved_cs_client     = @@character_set_client */;
/*!40101 SET character_set_client = utf8 */;
CREATE TABLE `teams_conference` (
  `id` int(11) NOT NULL AUTO_INCREMENT,
  `league_id` int(11) NOT NULL,
  `name` varchar(50) NOT NULL,
  `abbreviation` varchar(5) NOT NULL,
  PRIMARY KEY (`id`),
  KEY `teams_conference_9c858b09` (`league_id`),
  CONSTRAINT `league_id_refs_id_13ccec97` FOREIGN KEY (`league_id`) REFERENCES `teams_league` (`id`)
) ENGINE=InnoDB AUTO_INCREMENT=7 DEFAULT CHARSET=latin1;
/*!40101 SET character_set_client = @saved_cs_client */;

--
-- Dumping data for table `teams_conference`
--

LOCK TABLES `teams_conference` WRITE;
/*!40000 ALTER TABLE `teams_conference` DISABLE KEYS */;
INSERT INTO `teams_conference` VALUES (1,1,'National Football Conference','NFC'),(2,1,'American Football Conference','AFC'),(3,2,'National Football Conference','NFC'),(4,2,'American Football Conference','AFC'),(5,3,'National Football Conference','NFC'),(6,3,'American Football Conference','AFC');
/*!40000 ALTER TABLE `teams_conference` ENABLE KEYS */;
UNLOCK TABLES;

--
-- Table structure for table `teams_division`
--

DROP TABLE IF EXISTS `teams_division`;
/*!40101 SET @saved_cs_client     = @@character_set_client */;
/*!40101 SET character_set_client = utf8 */;
CREATE TABLE `teams_division` (
  `id` int(11) NOT NULL AUTO_INCREMENT,
  `conference_id` int(11) NOT NULL,
  `name` varchar(50) NOT NULL,
  `abbreviation` varchar(5) NOT NULL,
  PRIMARY KEY (`id`),
  KEY `teams_division_fb6ac991` (`conference_id`),
  CONSTRAINT `conference_id_refs_id_20cb9a26` FOREIGN KEY (`conference_id`) REFERENCES `teams_conference` (`id`)
) ENGINE=InnoDB AUTO_INCREMENT=25 DEFAULT CHARSET=latin1;
/*!40101 SET character_set_client = @saved_cs_client */;

--
-- Dumping data for table `teams_division`
--

LOCK TABLES `teams_division` WRITE;
/*!40000 ALTER TABLE `teams_division` DISABLE KEYS */;
INSERT INTO `teams_division` VALUES (1,1,'NFC East','NFCE'),(2,1,'NFC West','NFCW'),(3,1,'NFC North','NFCN'),(4,1,'NFC South','NFCS'),(5,2,'AFC East','AFCE'),(6,2,'AFC West','AFCW'),(7,2,'AFC North','AFCN'),(8,2,'AFC South','AFCS'),(9,3,'NFC East','NFCE'),(10,3,'NFC West','NFCW'),(11,3,'NFC North','NFCN'),(12,3,'NFC South','NFCS'),(13,4,'AFC East','AFCE'),(14,4,'AFC West','AFCW'),(15,4,'AFC North','AFCN'),(16,4,'AFC South','AFCS'),(17,5,'NFC East','NFCE'),(18,5,'NFC West','NFCW'),(19,5,'NFC North','NFCN'),(20,5,'NFC South','NFCS'),(21,6,'AFC East','AFCE'),(22,6,'AFC West','AFCW'),(23,6,'AFC North','AFCN'),(24,6,'AFC South','AFCS');
/*!40000 ALTER TABLE `teams_division` ENABLE KEYS */;
UNLOCK TABLES;

--
-- Table structure for table `teams_league`
--

DROP TABLE IF EXISTS `teams_league`;
/*!40101 SET @saved_cs_client     = @@character_set_client */;
/*!40101 SET character_set_client = utf8 */;
CREATE TABLE `teams_league` (
  `id` int(11) NOT NULL AUTO_INCREMENT,
  `name` varchar(50) NOT NULL,
  `abbreviation` varchar(5) NOT NULL,
  PRIMARY KEY (`id`)
) ENGINE=InnoDB AUTO_INCREMENT=4 DEFAULT CHARSET=latin1;
/*!40101 SET character_set_client = @saved_cs_client */;

--
-- Dumping data for table `teams_league`
--

LOCK TABLES `teams_league` WRITE;
/*!40000 ALTER TABLE `teams_league` DISABLE KEYS */;
INSERT INTO `teams_league` VALUES (1,'National Football League','NFL'),(2,'National Football League','NFL'),(3,'National Football League','NFL');
/*!40000 ALTER TABLE `teams_league` ENABLE KEYS */;
UNLOCK TABLES;

--
-- Table structure for table `teams_team`
--

DROP TABLE IF EXISTS `teams_team`;
/*!40101 SET @saved_cs_client     = @@character_set_client */;
/*!40101 SET character_set_client = utf8 */;
CREATE TABLE `teams_team` (
  `id` int(11) NOT NULL AUTO_INCREMENT,
  `division_id` int(11) NOT NULL,
  `location` varchar(50) NOT NULL,
  `name` varchar(50) NOT NULL,
  `abbreviation` varchar(5) NOT NULL,
  `image_location` varchar(50) NOT NULL,
  PRIMARY KEY (`id`),
  KEY `teams_team_9ef717c5` (`division_id`),
  CONSTRAINT `division_id_refs_id_3df92dd5` FOREIGN KEY (`division_id`) REFERENCES `teams_division` (`id`)
) ENGINE=InnoDB AUTO_INCREMENT=97 DEFAULT CHARSET=latin1;
/*!40101 SET character_set_client = @saved_cs_client */;

--
-- Dumping data for table `teams_team`
--

LOCK TABLES `teams_team` WRITE;
/*!40000 ALTER TABLE `teams_team` DISABLE KEYS */;
INSERT INTO `teams_team` VALUES (65,17,'Dallas','Cowboys','DAL','DallasCowboys.png'),(66,17,'New York','Giants','NYG','NewYorkGiants.png'),(67,17,'Philadelphia','Eagles','PHI','PhiladelphiaEagles.png'),(68,17,'Washington','Redskins','WSH','WashingtonRedskins.png'),(69,18,'St. Louis','Rams','STL','StLouisRams.png'),(70,18,'Arizona','Cardinals','ARI','ArizonaCardinals.png'),(71,18,'San Francisco','49ers','SF','SanFrancisco49ers.png'),(72,18,'Seattle','Seahawks','SEA','SeattleSeahawks.png'),(73,19,'Chicago','Bears','CHI','ChicagoBears.png'),(74,19,'Detroit','Lions','DET','DetroitLions.png'),(75,19,'Green Bay','Packers','GB','GreenBayPackers.png'),(76,19,'Minnesota','Vikings','MIN','MinnesotaVikings.png'),(77,20,'Atlanta','Falcons','ATL','AtlantaFalcons.png'),(78,20,'New Orleans','Saints','NO','NewOrleansSaints.png'),(79,20,'Tampa Bay','Buccaneers','TB','TampaBayBuccaneers.png'),(80,20,'Carolina','Panthers','CAR','CarolinaPanthers.png'),(81,21,'Buffalo','Bills','BUF','BuffaloBills.png'),(82,21,'Miami','Dolphins','MIA','MiamiDolphins.png'),(83,21,'New England','Patriots','NE','NewEnglandPatriots.png'),(84,21,'New York','Jets','NYJ','NewYorkJets.png'),(85,22,'Denver','Broncos','DEN','DenverBroncos.png'),(86,22,'Kansas City','Chiefs','KC','KansasCityChiefs.png'),(87,22,'Oakland','Raiders','OAK','OaklandRaiders.png'),(88,22,'San Diego','Chargers','SD','SanDiegoChargers.png'),(89,23,'Cincinnati','Bengals','CIN','CincinnatiBengals.png'),(90,23,'Cleveland','Browns','CLE','ClevelandBrowns.png'),(91,23,'Pittsburgh','Steelers','PIT','PittsburghSteelers.png'),(92,23,'Baltimore','Ravens','BAL','BaltimoreRavens.png'),(93,24,'Tennessee','Titans','TEN','TennesseeTitans.png'),(94,24,'Indianapolis','Colts','IND','IndianapolisColts.png'),(95,24,'Jacksonville','Jaguars','JAC','JacksonvilleJaguars.png'),(96,24,'Houston','Texans','HOU','HoustonTexans.png');
/*!40000 ALTER TABLE `teams_team` ENABLE KEYS */;
UNLOCK TABLES;
/*!40103 SET TIME_ZONE=@OLD_TIME_ZONE */;

/*!40101 SET SQL_MODE=@OLD_SQL_MODE */;
/*!40014 SET FOREIGN_KEY_CHECKS=@OLD_FOREIGN_KEY_CHECKS */;
/*!40014 SET UNIQUE_CHECKS=@OLD_UNIQUE_CHECKS */;
/*!40101 SET CHARACTER_SET_CLIENT=@OLD_CHARACTER_SET_CLIENT */;
/*!40101 SET CHARACTER_SET_RESULTS=@OLD_CHARACTER_SET_RESULTS */;
/*!40101 SET COLLATION_CONNECTION=@OLD_COLLATION_CONNECTION */;
/*!40111 SET SQL_NOTES=@OLD_SQL_NOTES */;

-- Dump completed on 2013-08-22 13:33:13
